backend,selected_kernel,work_group_size,cl_compiler_options,matrix_dimensions,elapsed_s
myGEMM.cl, 1,16,-cl-std=CL1.2,1024, 3.46598
myGEMM.cl, 2,16,-cl-std=CL1.2,1024, 1.10743
myGEMM.cl, 3,16,-cl-std=CL1.2,1024, 0.44762
myGEMM.cl, 3,32,-cl-std=CL1.2,1024, 0.94823
myGEMM.cl, 4,16,-cl-std=CL1.2,1024, 0.37228
myGEMM.cl, 4,32,-cl-std=CL1.2,1024, 0.39341
myGEMM.cl, 5,16,-cl-std=CL1.2,1024, 0.42498
myGEMM.cl, 5,32,-cl-std=CL1.2,1024, 0.38090
myGEMM.cl, 6,16,-cl-std=CL1.2,1024, 8.95969
myGEMM.cl, 6,32,-cl-std=CL1.2,1024, 9.48720
myGEMM.cl, 7,16,-cl-std=CL1.2,1024,10.24861
myGEMM.cl, 7,32,-cl-std=CL1.2,1024,10.26126
myGEMM.cl, 8,16,-cl-std=CL1.2,1024,10.84397
myGEMM.cl, 8,32,-cl-std=CL1.2,1024,10.20081
myGEMM.cl, 9,16,-cl-std=CL1.2,1024,11.77228
myGEMM.cl, 9,32,-cl-std=CL1.2,1024,10.82421
myGEMM.cl,10,16,-cl-std=CL1.2,1024,11.25869
myGEMM.cl,10,32,-cl-std=CL1.2,1024,10.85316
myGEMM.cl, 1,16,-cl-std=CL1.2,1024, 3.51296
myGEMM.cl, 2,16,-cl-std=CL1.2,1024, 1.11760
myGEMM.cl, 3,16,-cl-std=CL1.2,1024, 0.42740
myGEMM.cl, 3,32,-cl-std=CL1.2,1024, 0.45095
myGEMM.cl, 4,16,-cl-std=CL1.2,1024, 0.37057
myGEMM.cl, 4,32,-cl-std=CL1.2,1024, 0.40004
myGEMM.cl, 5,16,-cl-std=CL1.2,1024, 0.42475
myGEMM.cl, 5,32,-cl-std=CL1.2,1024, 0.37317
myGEMM.cl, 6,16,-cl-std=CL1.2,1024, 9.40331
myGEMM.cl, 6,32,-cl-std=CL1.2,1024, 9.04942
myGEMM.cl, 7,16,-cl-std=CL1.2,1024,10.32862
myGEMM.cl, 7,32,-cl-std=CL1.2,1024,10.43906
myGEMM.cl, 8,16,-cl-std=CL1.2,1024,10.35753
myGEMM.cl, 8,32,-cl-std=CL1.2,1024,10.39396
myGEMM.cl, 9,16,-cl-std=CL1.2,1024,10.70638
myGEMM.cl, 9,32,-cl-std=CL1.2,1024,10.70266
myGEMM.cl,10,16,-cl-std=CL1.2,1024,10.93519
myGEMM.cl,10,32,-cl-std=CL1.2,1024,10.84620
myGEMM.cl, 1,16,-cl-std=CL1.2,1024, 3.52293
myGEMM.cl, 2,16,-cl-std=CL1.2,1024, 1.1124
myGEMM.cl, 3,16,-cl-std=CL1.2,1024, 0.43301
myGEMM.cl, 3,32,-cl-std=CL1.2,1024, 0.44824
myGEMM.cl, 4,16,-cl-std=CL1.2,1024, 0.37031
myGEMM.cl, 4,32,-cl-std=CL1.2,1024, 0.40137
myGEMM.cl, 5,16,-cl-std=CL1.2,1024, 0.42461
myGEMM.cl, 5,32,-cl-std=CL1.2,1024, 0.37377
myGEMM.cl, 6,16,-cl-std=CL1.2,1024, 9.21467
myGEMM.cl, 6,32,-cl-std=CL1.2,1024, 9.36079
myGEMM.cl, 7,16,-cl-std=CL1.2,1024,10.22678
myGEMM.cl, 7,32,-cl-std=CL1.2,1024,10.40192
myGEMM.cl, 8,16,-cl-std=CL1.2,1024,10.34373
myGEMM.cl, 8,32,-cl-std=CL1.2,1024,10.37016
myGEMM.cl, 9,16,-cl-std=CL1.2,1024,10.48435
myGEMM.cl, 9,32,-cl-std=CL1.2,1024,10.69497
myGEMM.cl,10,16,-cl-std=CL1.2,1024,10.75070
myGEMM.cl,10,32,-cl-std=CL1.2,1024,10.92280
myGEMM.cl, 1,16,-cl-std=CL1.2,1024, 3.46861
myGEMM.cl, 2,16,-cl-std=CL1.2,1024, 1.11444
myGEMM.cl, 3,16,-cl-std=CL1.2,1024, 0.44316
myGEMM.cl, 3,32,-cl-std=CL1.2,1024, 0.45024
myGEMM.cl, 4,16,-cl-std=CL1.2,1024, 0.37149
myGEMM.cl, 4,32,-cl-std=CL1.2,1024, 0.40105
myGEMM.cl, 5,16,-cl-std=CL1.2,1024, 0.42585
myGEMM.cl, 5,32,-cl-std=CL1.2,1024, 0.37363
myGEMM.cl, 6,16,-cl-std=CL1.2,1024, 9.39747
myGEMM.cl, 6,32,-cl-std=CL1.2,1024, 9.31728
myGEMM.cl, 7,16,-cl-std=CL1.2,1024,10.26715
myGEMM.cl, 7,32,-cl-std=CL1.2,1024,10.33974
myGEMM.cl, 8,16,-cl-std=CL1.2,1024,10.28676
myGEMM.cl, 8,32,-cl-std=CL1.2,1024,10.41992
myGEMM.cl, 9,16,-cl-std=CL1.2,1024,10.50983
myGEMM.cl, 9,32,-cl-std=CL1.2,1024,10.63761
myGEMM.cl,10,16,-cl-std=CL1.2,1024,10.83581
myGEMM.cl,10,32,-cl-std=CL1.2,1024,10.96455
myGEMM.cl, 1,16,-cl-std=CL1.2,1024, 3.50972
myGEMM.cl, 2,16,-cl-std=CL1.2,1024, 1.11334
myGEMM.cl, 3,16,-cl-std=CL1.2,1024, 0.44882
myGEMM.cl, 3,32,-cl-std=CL1.2,1024, 0.44787
myGEMM.cl, 4,16,-cl-std=CL1.2,1024, 0.37060
myGEMM.cl, 4,32,-cl-std=CL1.2,1024, 0.40084
myGEMM.cl, 5,16,-cl-std=CL1.2,1024, 0.42601
myGEMM.cl, 5,32,-cl-std=CL1.2,1024, 0.37279
myGEMM.cl, 6,16,-cl-std=CL1.2,1024, 9.34147
myGEMM.cl, 6,32,-cl-std=CL1.2,1024, 9.45543
myGEMM.cl, 7,16,-cl-std=CL1.2,1024,10.42864
myGEMM.cl, 7,32,-cl-std=CL1.2,1024,10.25003
myGEMM.cl, 8,16,-cl-std=CL1.2,1024,10.43585
myGEMM.cl, 8,32,-cl-std=CL1.2,1024,10.38950
myGEMM.cl, 9,16,-cl-std=CL1.2,1024,10.42743
myGEMM.cl, 9,32,-cl-std=CL1.2,1024,10.68567
myGEMM.cl,10,16,-cl-std=CL1.2,1024,10.80716
myGEMM.cl,10,32,-cl-std=CL1.2,1024,10.86340
myGEMM.cl, 1,16,-cl-std=CL1.2,1024, 3.48249
myGEMM.cl, 2,16,-cl-std=CL1.2,1024, 1.11825
myGEMM.cl, 3,16,-cl-std=CL1.2,1024, 0.42916
myGEMM.cl, 3,32,-cl-std=CL1.2,1024, 0.44983
myGEMM.cl, 4,16,-cl-std=CL1.2,1024, 0.37086
myGEMM.cl, 4,32,-cl-std=CL1.2,1024, 0.40023
myGEMM.cl, 5,16,-cl-std=CL1.2,1024, 0.42593
myGEMM.cl, 5,32,-cl-std=CL1.2,1024, 0.37505
myGEMM.cl, 6,16,-cl-std=CL1.2,1024, 9.30637
myGEMM.cl, 6,32,-cl-std=CL1.2,1024, 9.20184
myGEMM.cl, 7,16,-cl-std=CL1.2,1024,10.22785
myGEMM.cl, 7,32,-cl-std=CL1.2,1024,10.24395
myGEMM.cl, 8,16,-cl-std=CL1.2,1024,10.30517
myGEMM.cl, 8,32,-cl-std=CL1.2,1024,10.32591
myGEMM.cl, 9,16,-cl-std=CL1.2,1024,10.76336
myGEMM.cl, 9,32,-cl-std=CL1.2,1024,10.42275
myGEMM.cl,10,16,-cl-std=CL1.2,1024,10.78053
myGEMM.cl,10,32,-cl-std=CL1.2,1024,10.93356
myGEMM.cl, 3, 8,-cl-std=CL1.2,1024,1.77349
myGEMM.cl, 3, 8,-cl-std=CL1.2,2048,14.64770
myGEMM.cl, 3, 8,-cl-std=CL1.2,512,0.08762
myGEMM.cl, 3, 8,-cl-std=CL1.2,1024,0.70085
myGEMM.cl, 3, 8,-cl-std=CL1.2,2048,5.94331
myGEMM.cl, 3, 8,-cl-std=CL1.2,512,0.08733
myGEMM.cl, 3, 8,-cl-std=CL1.2,1024,0.70196
myGEMM.cl, 3, 8,-cl-std=CL1.2,2048,5.92380
myGEMM.cl, 3, 8,-cl-std=CL1.2,512,0.22376
myGEMM.cl, 3, 8,-cl-std=CL1.2,1024,1.77349
myGEMM.cl, 3, 8,-cl-std=CL1.2,2048,14.64770
myGEMM.cl, 3, 8,-cl-std=CL1.2,512,0.08762
myGEMM.cl, 3, 8,-cl-std=CL1.2,1024,0.70085
myGEMM.cl, 3, 8,-cl-std=CL1.2,2048,5.94331
myGEMM.cl, 3, 8,-cl-std=CL1.2,512,0.08733
myGEMM.cl, 3, 8,-cl-std=CL1.2,1024,0.70196
myGEMM.cl, 3, 8,-cl-std=CL1.2,2048,5.92380
myGEMM.cl, 3, 8,-cl-std=CL1.2,512,0.08750
myGEMM.cl, 3, 8,-cl-std=CL1.2,1024,0.70096
myGEMM.cl, 3, 8,-cl-std=CL1.2,2048,5.98245
myGEMM.cl, 3, 8,-cl-std=CL1.2,512,0.08734
myGEMM.cl, 3, 8,-cl-std=CL1.2,1024,0.70200
myGEMM.cl, 3, 8,-cl-std=CL1.2,2048,5.97151
myGEMM.cl, 3,16,-cl-std=CL1.2,512,0.22204
myGEMM.cl, 3,16,-cl-std=CL1.2,1024,1.69981
myGEMM.cl, 3,16,-cl-std=CL1.2,2048,14.20648
myGEMM.cl, 3,16,-cl-std=CL1.2,512,0.05419
myGEMM.cl, 3,16,-cl-std=CL1.2,1024,0.43025
myGEMM.cl, 3,16,-cl-std=CL1.2,2048,3.43715
myGEMM.cl, 3,16,-cl-std=CL1.2,512,0.05295
myGEMM.cl, 3,16,-cl-std=CL1.2,1024,0.44700
myGEMM.cl, 3,16,-cl-std=CL1.2,2048,3.43653
myGEMM.cl, 3,16,-cl-std=CL1.2,512,0.05265
myGEMM.cl, 3,16,-cl-std=CL1.2,1024,0.43034
myGEMM.cl, 3,16,-cl-std=CL1.2,2048,3.41655
myGEMM.cl, 3,16,-cl-std=CL1.2,512,0.05443
myGEMM.cl, 3,16,-cl-std=CL1.2,1024,0.43710
myGEMM.cl, 3,16,-cl-std=CL1.2,2048,3.42607
myGEMM.cl, 4, 8,-cl-std=CL1.2,512,0.05563
myGEMM.cl, 4, 8,-cl-std=CL1.2,1024,0.48594
myGEMM.cl, 4, 8,-cl-std=CL1.2,2048,3.76026
myGEMM.cl, 4, 8,-cl-std=CL1.2,512,0.05869
myGEMM.cl, 4, 8,-cl-std=CL1.2,1024,0.49369
myGEMM.cl, 4, 8,-cl-std=CL1.2,2048,3.78145
myGEMM.cl, 4, 8,-cl-std=CL1.2,512,0.05888
myGEMM.cl, 4, 8,-cl-std=CL1.2,1024,0.48185
myGEMM.cl, 4, 8,-cl-std=CL1.2,2048,3.70295
myGEMM.cl, 4, 8,-cl-std=CL1.2,512,0.05904
myGEMM.cl, 4, 8,-cl-std=CL1.2,1024,0.50488
myGEMM.cl, 4, 8,-cl-std=CL1.2,2048,3.66614
myGEMM.cl, 4, 8,-cl-std=CL1.2,512,0.05828
myGEMM.cl, 4, 8,-cl-std=CL1.2,1024,0.47220
myGEMM.cl, 4, 8,-cl-std=CL1.2,2048,3.61618
myGEMM.cl, 4,16,-cl-std=CL1.2,512,0.04917
myGEMM.cl, 4,16,-cl-std=CL1.2,1024,0.38314
myGEMM.cl, 4,16,-cl-std=CL1.2,2048,3.04455
myGEMM.cl, 4,16,-cl-std=CL1.2,512,0.04715
myGEMM.cl, 4,16,-cl-std=CL1.2,1024,0.37220
myGEMM.cl, 4,16,-cl-std=CL1.2,2048,2.97153
myGEMM.cl, 4,16,-cl-std=CL1.2,512,0.04673
myGEMM.cl, 4,16,-cl-std=CL1.2,1024,0.36965
myGEMM.cl, 4,16,-cl-std=CL1.2,2048,2.97658
myGEMM.cl, 4,16,-cl-std=CL1.2,512,0.04690
myGEMM.cl, 4,16,-cl-std=CL1.2,1024,0.37129
myGEMM.cl, 4,16,-cl-std=CL1.2,2048,2.97145
myGEMM.cl, 4,16,-cl-std=CL1.2,512,0.04771
myGEMM.cl, 4,16,-cl-std=CL1.2,1024,0.37263
myGEMM.cl, 4,16,-cl-std=CL1.2,2048,2.97598
myGEMM.cl, 1, 4,-cl-std=CL1.2,512,0.40309
myGEMM.cl, 1, 4,-cl-std=CL1.2,1024,3.34882
myGEMM.cl, 1, 4,-cl-std=CL1.2,2048,32.74233
myGEMM.cl, 1, 4,-cl-std=CL1.2,512,0.40745
myGEMM.cl, 1, 4,-cl-std=CL1.2,1024,3.34278
myGEMM.cl, 1, 4,-cl-std=CL1.2,2048,29.84844
myGEMM.cl, 1, 4,-cl-std=CL1.2,512,0.40318
myGEMM.cl, 1, 4,-cl-std=CL1.2,1024,3.34921
myGEMM.cl, 1, 4,-cl-std=CL1.2,2048,29.67395
myGEMM.cl, 1, 4,-cl-std=CL1.2,512,0.40266
myGEMM.cl, 1, 4,-cl-std=CL1.2,1024,3.36523
myGEMM.cl, 1, 4,-cl-std=CL1.2,2048,29.58425
myGEMM.cl, 1, 4,-cl-std=CL1.2,512,0.40307
myGEMM.cl, 1, 4,-cl-std=CL1.2,1024,3.34400
myGEMM.cl, 1, 4,-cl-std=CL1.2,2048,29.99992
myGEMM.cl, 1, 4,-cl-std=CL1.2,512,0.40338
myGEMM.cl, 1, 4,-cl-std=CL1.2,1024,3.35144
myGEMM.cl, 1, 4,-cl-std=CL1.2,2048,29.83655
myGEMM.cl, 1, 4,-cl-std=CL1.2,512,0.40594
myGEMM.cl, 1, 4,-cl-std=CL1.2,1024,3.34454
myGEMM.cl, 1, 4,-cl-std=CL1.2,2048,30.02216
myGEMM.cl, 1, 4,-cl-std=CL1.2,512,0.40131
myGEMM.cl, 1, 4,-cl-std=CL1.2,1024,3.35350
myGEMM.cl, 1, 4,-cl-std=CL1.2,2048,31.67518
myGEMM.cl, 1, 4,-cl-std=CL1.2,512,0.40393
myGEMM.cl, 1, 4,-cl-std=CL1.2,1024,3.34328
myGEMM.cl, 1, 4,-cl-std=CL1.2,2048,35.61486
myGEMM.cl, 1, 4,-cl-std=CL1.2,512,0.40729
myGEMM.cl, 1, 4,-cl-std=CL1.2,1024,3.33945
myGEMM.cl, 1, 4,-cl-std=CL1.2,2048,30.67835
myGEMM.cl, 1, 8,-cl-std=CL1.2,512,0.42873
myGEMM.cl, 1, 8,-cl-std=CL1.2,1024,3.41821
myGEMM.cl, 1, 8,-cl-std=CL1.2,2048,34.59101
myGEMM.cl, 1, 8,-cl-std=CL1.2,512,0.42621
myGEMM.cl, 1, 8,-cl-std=CL1.2,1024,3.33546
myGEMM.cl, 1, 8,-cl-std=CL1.2,2048,34.05447
myGEMM.cl, 1, 8,-cl-std=CL1.2,512,0.43042
myGEMM.cl, 1, 8,-cl-std=CL1.2,1024,3.34631
myGEMM.cl, 1, 8,-cl-std=CL1.2,2048,34.07813
myGEMM.cl, 1, 8,-cl-std=CL1.2,512,0.41614
myGEMM.cl, 1, 8,-cl-std=CL1.2,1024,3.39272
myGEMM.cl, 1, 8,-cl-std=CL1.2,2048,28.17937
myGEMM.cl, 1, 8,-cl-std=CL1.2,512,0.41191
myGEMM.cl, 1, 8,-cl-std=CL1.2,1024,3.42175
myGEMM.cl, 1, 8,-cl-std=CL1.2,2048,33.61606
myGEMM.cl, 1, 8,-cl-std=CL1.2,512,0.41464
myGEMM.cl, 1, 8,-cl-std=CL1.2,1024,3.42827
myGEMM.cl, 1, 8,-cl-std=CL1.2,2048,32.77024
myGEMM.cl, 1, 8,-cl-std=CL1.2,512,0.42557
myGEMM.cl, 1, 8,-cl-std=CL1.2,1024,3.36743
myGEMM.cl, 1, 8,-cl-std=CL1.2,2048,33.82590
myGEMM.cl, 1, 8,-cl-std=CL1.2,512,0.41474
myGEMM.cl, 1, 8,-cl-std=CL1.2,1024,3.38189
myGEMM.cl, 1, 8,-cl-std=CL1.2,2048,30.16966
myGEMM.cl, 1, 8,-cl-std=CL1.2,512,0.41142
myGEMM.cl, 1, 8,-cl-std=CL1.2,1024,3.35674
myGEMM.cl, 1, 8,-cl-std=CL1.2,2048,32.19659
myGEMM.cl, 1, 8,-cl-std=CL1.2,512,0.43762
myGEMM.cl, 1, 8,-cl-std=CL1.2,1024,3.34005
myGEMM.cl, 1, 8,-cl-std=CL1.2,2048,30.22016
myGEMM.cl, 1,16,-cl-std=CL1.2,512,0.43915
myGEMM.cl, 1,16,-cl-std=CL1.2,1024,3.51550
myGEMM.cl, 1,16,-cl-std=CL1.2,2048,33.78937
myGEMM.cl, 1,16,-cl-std=CL1.2,512,0.43781
myGEMM.cl, 1,16,-cl-std=CL1.2,1024,3.46598
myGEMM.cl, 1,16,-cl-std=CL1.2,2048,31.79364
myGEMM.cl, 1,16,-cl-std=CL1.2,512,0.43209
myGEMM.cl, 1,16,-cl-std=CL1.2,1024,3.55480
myGEMM.cl, 1,16,-cl-std=CL1.2,2048,33.21885
myGEMM.cl, 1,16,-cl-std=CL1.2,512,0.43372
myGEMM.cl, 1,16,-cl-std=CL1.2,1024,3.48457
myGEMM.cl, 1,16,-cl-std=CL1.2,2048,33.79564
myGEMM.cl, 1,16,-cl-std=CL1.2,512,0.42803
myGEMM.cl, 1,16,-cl-std=CL1.2,1024,3.57021
myGEMM.cl, 1,16,-cl-std=CL1.2,2048,35.16096
myGEMM.cl, 1,16,-cl-std=CL1.2,512,0.42975
myGEMM.cl, 1,16,-cl-std=CL1.2,1024,3.46720
myGEMM.cl, 1,16,-cl-std=CL1.2,2048,34.54644
myGEMM.cl, 1,16,-cl-std=CL1.2,512,0.44414
myGEMM.cl, 1,16,-cl-std=CL1.2,1024,3.47397
myGEMM.cl, 1,16,-cl-std=CL1.2,2048,33.41284
myGEMM.cl, 1,16,-cl-std=CL1.2,512,0.44358
myGEMM.cl, 1,16,-cl-std=CL1.2,1024,3.61530
myGEMM.cl, 1,16,-cl-std=CL1.2,2048,35.25157
myGEMM.cl, 1,16,-cl-std=CL1.2,512,0.44969
myGEMM.cl, 1,16,-cl-std=CL1.2,1024,3.62371
myGEMM.cl, 1,16,-cl-std=CL1.2,2048,33.69243
myGEMM.cl, 1,16,-cl-std=CL1.2,512,0.44122
myGEMM.cl, 1,16,-cl-std=CL1.2,1024,3.51794
myGEMM.cl, 1,16,-cl-std=CL1.2,2048,34.61079
myGEMM.cl, 3, 8,-cl-std=CL1.2,512,0.22376
myGEMM.cl, 3, 8,-cl-std=CL1.2,1024,1.77349
myGEMM.cl, 3, 8,-cl-std=CL1.2,2048,14.64770
myGEMM.cl, 3, 8,-cl-std=CL1.2,512,0.08762
myGEMM.cl, 3, 8,-cl-std=CL1.2,1024,0.70085
myGEMM.cl, 3, 8,-cl-std=CL1.2,2048,5.94331
myGEMM.cl, 3, 8,-cl-std=CL1.2,512,0.08733
myGEMM.cl, 3, 8,-cl-std=CL1.2,1024,0.70196
myGEMM.cl, 3, 8,-cl-std=CL1.2,2048,5.92380
myGEMM.cl, 3, 8,-cl-std=CL1.2,512,0.08750
myGEMM.cl, 3, 8,-cl-std=CL1.2,1024,0.70096
myGEMM.cl, 3, 8,-cl-std=CL1.2,2048,5.98245
myGEMM.cl, 3, 8,-cl-std=CL1.2,512,0.08734
myGEMM.cl, 3, 8,-cl-std=CL1.2,1024,0.70200
myGEMM.cl, 3, 8,-cl-std=CL1.2,2048,5.97151
myGEMM.cl, 3,16,-cl-std=CL1.2,512,0.22204
myGEMM.cl, 3,16,-cl-std=CL1.2,1024,1.69981
myGEMM.cl, 3,16,-cl-std=CL1.2,2048,14.20648
myGEMM.cl, 3,16,-cl-std=CL1.2,512,0.05419
myGEMM.cl, 3,16,-cl-std=CL1.2,1024,0.43025
myGEMM.cl, 3,16,-cl-std=CL1.2,2048,3.43715
myGEMM.cl, 3,16,-cl-std=CL1.2,512,0.05295
myGEMM.cl, 3,16,-cl-std=CL1.2,1024,0.44700
myGEMM.cl, 3,16,-cl-std=CL1.2,2048,3.43653
myGEMM.cl, 3,16,-cl-std=CL1.2,512,0.05265
myGEMM.cl, 3,16,-cl-std=CL1.2,1024,0.43034
myGEMM.cl, 3,16,-cl-std=CL1.2,2048,3.41655
myGEMM.cl, 3,16,-cl-std=CL1.2,512,0.05443
myGEMM.cl, 3,16,-cl-std=CL1.2,1024,0.43710
myGEMM.cl, 3,16,-cl-std=CL1.2,2048,3.42607
myGEMM.cl, 4, 8,-cl-std=CL1.2,512,0.05563
myGEMM.cl, 4, 8,-cl-std=CL1.2,1024,0.48594
myGEMM.cl, 4, 8,-cl-std=CL1.2,2048,3.76026
myGEMM.cl, 4, 8,-cl-std=CL1.2,512,0.05869
myGEMM.cl, 4, 8,-cl-std=CL1.2,1024,0.49369
myGEMM.cl, 4, 8,-cl-std=CL1.2,2048,3.78145
myGEMM.cl, 4, 8,-cl-std=CL1.2,512,0.05888
myGEMM.cl, 4, 8,-cl-std=CL1.2,1024,0.48185
myGEMM.cl, 4, 8,-cl-std=CL1.2,2048,3.70295
myGEMM.cl, 4, 8,-cl-std=CL1.2,512,0.05904
myGEMM.cl, 4, 8,-cl-std=CL1.2,1024,0.50488
myGEMM.cl, 4, 8,-cl-std=CL1.2,2048,3.66614
myGEMM.cl, 4, 8,-cl-std=CL1.2,512,0.05828
myGEMM.cl, 4, 8,-cl-std=CL1.2,1024,0.47220
myGEMM.cl, 4, 8,-cl-std=CL1.2,2048,3.61618
myGEMM.cl, 4,16,-cl-std=CL1.2,512,0.04917
myGEMM.cl, 4,16,-cl-std=CL1.2,1024,0.38314
myGEMM.cl, 4,16,-cl-std=CL1.2,2048,3.04455
myGEMM.cl, 4,16,-cl-std=CL1.2,512,0.04715
myGEMM.cl, 4,16,-cl-std=CL1.2,1024,0.37220
myGEMM.cl, 4,16,-cl-std=CL1.2,2048,2.97153
myGEMM.cl, 4,16,-cl-std=CL1.2,512,0.04673
myGEMM.cl, 4,16,-cl-std=CL1.2,1024,0.36965
myGEMM.cl, 4,16,-cl-std=CL1.2,2048,2.97658
myGEMM.cl, 4,16,-cl-std=CL1.2,512,0.04690
myGEMM.cl, 4,16,-cl-std=CL1.2,1024,0.37129
myGEMM.cl, 4,16,-cl-std=CL1.2,2048,2.97145
myGEMM.cl, 4,16,-cl-std=CL1.2,512,0.04771
myGEMM.cl, 4,16,-cl-std=CL1.2,1024,0.37263
myGEMM.cl, 4,16,-cl-std=CL1.2,2048,2.97598
myGEMM.cl, 5, 8,-cl-std=CL1.2,512,0.54610
myGEMM.cl, 5, 8,-cl-std=CL1.2,1024,4.14552
myGEMM.cl, 5, 8,-cl-std=CL1.2,2048,33.28305
myGEMM.cl, 5, 8,-cl-std=CL1.2,512,0.13374
myGEMM.cl, 5, 8,-cl-std=CL1.2,1024,1.06927
myGEMM.cl, 5, 8,-cl-std=CL1.2,2048,8.71607
myGEMM.cl, 5, 8,-cl-std=CL1.2,512,0.13259
myGEMM.cl, 5, 8,-cl-std=CL1.2,1024,1.06845
myGEMM.cl, 5, 8,-cl-std=CL1.2,2048,8.70950
myGEMM.cl, 5, 8,-cl-std=CL1.2,512,0.13248
myGEMM.cl, 5, 8,-cl-std=CL1.2,1024,1.06980
myGEMM.cl, 5, 8,-cl-std=CL1.2,2048,8.69624
myGEMM.cl, 5, 8,-cl-std=CL1.2,512,0.13233
myGEMM.cl, 5, 8,-cl-std=CL1.2,1024,1.06678
myGEMM.cl, 5, 8,-cl-std=CL1.2,2048,8.73583
myGEMM.cl, 5,16,-cl-std=CL1.2,512,0.31854
myGEMM.cl, 5,16,-cl-std=CL1.2,1024,2.49359
myGEMM.cl, 5,16,-cl-std=CL1.2,2048,20.28981
myGEMM.cl, 5,16,-cl-std=CL1.2,512,0.05405
myGEMM.cl, 5,16,-cl-std=CL1.2,1024,0.42882
myGEMM.cl, 5,16,-cl-std=CL1.2,2048,3.40585
myGEMM.cl, 5,16,-cl-std=CL1.2,512,0.05404
myGEMM.cl, 5,16,-cl-std=CL1.2,1024,0.42500
myGEMM.cl, 5,16,-cl-std=CL1.2,2048,3.52643
myGEMM.cl, 5,16,-cl-std=CL1.2,512,0.05407
myGEMM.cl, 5,16,-cl-std=CL1.2,1024,0.42679
myGEMM.cl, 5,16,-cl-std=CL1.2,2048,3.40692
myGEMM.cl, 5,16,-cl-std=CL1.2,512,0.05453
myGEMM.cl, 5,16,-cl-std=CL1.2,1024,0.42835
myGEMM.cl, 5,16,-cl-std=CL1.2,2048,3.40854
myGEMM.cl, 5, 8,-cl-std=CL1.2,512,0.46047
myGEMM.cl, 5, 8,-cl-std=CL1.2,1024,3.72346
myGEMM.cl, 5, 8,-cl-std=CL1.2,2048,30.40760
myGEMM.cl, 3, 8,-cl-std=CL1.2,512,0.08733
myGEMM.cl, 3, 8,-cl-std=CL1.2,1024,0.70196
myGEMM.cl, 3, 8,-cl-std=CL1.2,2048,5.92380
myGEMM.cl, 3, 8,-cl-std=CL1.2,512,0.08750
myGEMM.cl, 3, 8,-cl-std=CL1.2,1024,0.70096
myGEMM.cl, 3, 8,-cl-std=CL1.2,2048,5.98245
myGEMM.cl, 3, 8,-cl-std=CL1.2,512,0.08734
myGEMM.cl, 3, 8,-cl-std=CL1.2,1024,0.70200
myGEMM.cl, 3, 8,-cl-std=CL1.2,2048,5.97151
myGEMM.cl, 3,16,-cl-std=CL1.2,512,0.22204
myGEMM.cl, 3,16,-cl-std=CL1.2,1024,1.69981
myGEMM.cl, 3,16,-cl-std=CL1.2,2048,14.20648
myGEMM.cl, 3,16,-cl-std=CL1.2,512,0.05419
myGEMM.cl, 3,16,-cl-std=CL1.2,1024,0.43025
myGEMM.cl, 3,16,-cl-std=CL1.2,2048,3.43715
myGEMM.cl, 3,16,-cl-std=CL1.2,512,0.05295
myGEMM.cl, 3,16,-cl-std=CL1.2,1024,0.44700
myGEMM.cl, 3,16,-cl-std=CL1.2,2048,3.43653
myGEMM.cl, 3,16,-cl-std=CL1.2,512,0.05265
myGEMM.cl, 3,16,-cl-std=CL1.2,1024,0.43034
myGEMM.cl, 3,16,-cl-std=CL1.2,2048,3.41655
myGEMM.cl, 3,16,-cl-std=CL1.2,512,0.05443
myGEMM.cl, 3,16,-cl-std=CL1.2,1024,0.43710
myGEMM.cl, 3,16,-cl-std=CL1.2,2048,3.42607
myGEMM.cl, 4, 8,-cl-std=CL1.2,512,0.05563
myGEMM.cl, 4, 8,-cl-std=CL1.2,1024,0.48594
myGEMM.cl, 4, 8,-cl-std=CL1.2,2048,3.76026
myGEMM.cl, 4, 8,-cl-std=CL1.2,512,0.05869
myGEMM.cl, 4, 8,-cl-std=CL1.2,1024,0.49369
myGEMM.cl, 4, 8,-cl-std=CL1.2,2048,3.78145
myGEMM.cl, 4, 8,-cl-std=CL1.2,512,0.05888
myGEMM.cl, 4, 8,-cl-std=CL1.2,1024,0.48185
myGEMM.cl, 4, 8,-cl-std=CL1.2,2048,3.70295
myGEMM.cl, 4, 8,-cl-std=CL1.2,512,0.05904
myGEMM.cl, 4, 8,-cl-std=CL1.2,1024,0.50488
myGEMM.cl, 4, 8,-cl-std=CL1.2,2048,3.66614
myGEMM.cl, 4, 8,-cl-std=CL1.2,512,0.05828
myGEMM.cl, 4, 8,-cl-std=CL1.2,1024,0.47220
myGEMM.cl, 4, 8,-cl-std=CL1.2,2048,3.61618
myGEMM.cl, 4,16,-cl-std=CL1.2,512,0.04917
myGEMM.cl, 4,16,-cl-std=CL1.2,1024,0.38314
myGEMM.cl, 4,16,-cl-std=CL1.2,2048,3.04455
myGEMM.cl, 4,16,-cl-std=CL1.2,512,0.04715
myGEMM.cl, 4,16,-cl-std=CL1.2,1024,0.37220
myGEMM.cl, 4,16,-cl-std=CL1.2,2048,2.97153
myGEMM.cl, 4,16,-cl-std=CL1.2,512,0.04673
myGEMM.cl, 4,16,-cl-std=CL1.2,1024,0.36965
myGEMM.cl, 4,16,-cl-std=CL1.2,2048,2.97658
myGEMM.cl, 4,16,-cl-std=CL1.2,512,0.04690
myGEMM.cl, 4,16,-cl-std=CL1.2,1024,0.37129
myGEMM.cl, 4,16,-cl-std=CL1.2,2048,2.97145
myGEMM.cl, 4,16,-cl-std=CL1.2,512,0.04771
myGEMM.cl, 4,16,-cl-std=CL1.2,1024,0.37263
myGEMM.cl, 4,16,-cl-std=CL1.2,2048,2.97598
myGEMM.cl, 5, 8,-cl-std=CL1.2,512,0.54610
myGEMM.cl, 5, 8,-cl-std=CL1.2,1024,4.14552
myGEMM.cl, 5, 8,-cl-std=CL1.2,2048,33.28305
myGEMM.cl, 5, 8,-cl-std=CL1.2,512,0.13374
myGEMM.cl, 5, 8,-cl-std=CL1.2,1024,1.06927
myGEMM.cl, 5, 8,-cl-std=CL1.2,2048,8.71607
myGEMM.cl, 5, 8,-cl-std=CL1.2,512,0.13259
myGEMM.cl, 5, 8,-cl-std=CL1.2,1024,1.06845
myGEMM.cl, 5, 8,-cl-std=CL1.2,2048,8.70950
myGEMM.cl, 5, 8,-cl-std=CL1.2,512,0.13248
myGEMM.cl, 5, 8,-cl-std=CL1.2,1024,1.06980
myGEMM.cl, 5, 8,-cl-std=CL1.2,2048,8.69624
myGEMM.cl, 5, 8,-cl-std=CL1.2,512,0.13233
myGEMM.cl, 5, 8,-cl-std=CL1.2,1024,1.06678
myGEMM.cl, 5, 8,-cl-std=CL1.2,2048,8.73583
myGEMM.cl, 5,16,-cl-std=CL1.2,512,0.31854
myGEMM.cl, 5,16,-cl-std=CL1.2,1024,2.49359
myGEMM.cl, 5,16,-cl-std=CL1.2,2048,20.28981
myGEMM.cl, 5,16,-cl-std=CL1.2,512,0.05405
myGEMM.cl, 5,16,-cl-std=CL1.2,1024,0.42882
myGEMM.cl, 5,16,-cl-std=CL1.2,2048,3.40585
myGEMM.cl, 5,16,-cl-std=CL1.2,512,0.05404
myGEMM.cl, 5,16,-cl-std=CL1.2,1024,0.42500
myGEMM.cl, 5,16,-cl-std=CL1.2,2048,3.52643
myGEMM.cl, 5,16,-cl-std=CL1.2,512,0.05407
myGEMM.cl, 5,16,-cl-std=CL1.2,1024,0.42679
myGEMM.cl, 5,16,-cl-std=CL1.2,2048,3.40692
myGEMM.cl, 5,16,-cl-std=CL1.2,512,0.05453
myGEMM.cl, 5,16,-cl-std=CL1.2,1024,0.42835
myGEMM.cl, 5,16,-cl-std=CL1.2,2048,3.40854
myGEMM.cl, 6, 8,-cl-std=CL1.2,512,1.56621
myGEMM.cl, 6, 8,-cl-std=CL1.2,1024,12.01893
myGEMM.cl, 6, 8,-cl-std=CL1.2,2048,98.53812
myGEMM.cl, 6, 8,-cl-std=CL1.2,512,1.18952
myGEMM.cl, 6, 8,-cl-std=CL1.2,1024,9.45444
myGEMM.cl, 6, 8,-cl-std=CL1.2,2048,73.13961
myGEMM.cl, 6, 8,-cl-std=CL1.2,512,1.16740
myGEMM.cl, 6, 8,-cl-std=CL1.2,1024,9.61240
myGEMM.cl, 6, 8,-cl-std=CL1.2,2048,71.99632
myGEMM.cl, 2, 4,-cl-std=CL1.2,512,0.18500
myGEMM.cl, 2, 4,-cl-std=CL1.2,1024,1.52385
myGEMM.cl, 2, 4,-cl-std=CL1.2,2048,14.63805
myGEMM.cl, 2, 4,-cl-std=CL1.2,512,0.18508
myGEMM.cl, 2, 4,-cl-std=CL1.2,1024,1.52444
myGEMM.cl, 2, 4,-cl-std=CL1.2,2048,15.54973
myGEMM.cl, 2, 4,-cl-std=CL1.2,512,0.18468
myGEMM.cl, 2, 4,-cl-std=CL1.2,1024,1.52321
myGEMM.cl, 2, 4,-cl-std=CL1.2,2048,15.66123
myGEMM.cl, 2, 4,-cl-std=CL1.2,512,0.18503
myGEMM.cl, 2, 4,-cl-std=CL1.2,1024,1.52265
myGEMM.cl, 2, 4,-cl-std=CL1.2,2048,15.27152
myGEMM.cl, 2, 4,-cl-std=CL1.2,512,0.18502
myGEMM.cl, 2, 4,-cl-std=CL1.2,1024,1.52602
myGEMM.cl, 2, 4,-cl-std=CL1.2,2048,14.54196
myGEMM.cl, 2, 4,-cl-std=CL1.2,512,0.18481
myGEMM.cl, 2, 4,-cl-std=CL1.2,1024,1.52182
myGEMM.cl, 2, 4,-cl-std=CL1.2,2048,14.41293
myGEMM.cl, 2, 4,-cl-std=CL1.2,512,0.18457
myGEMM.cl, 2, 4,-cl-std=CL1.2,1024,1.51752
myGEMM.cl, 2, 4,-cl-std=CL1.2,2048,15.32677
myGEMM.cl, 2, 4,-cl-std=CL1.2,512,0.18470
myGEMM.cl, 2, 4,-cl-std=CL1.2,1024,1.52064
myGEMM.cl, 2, 4,-cl-std=CL1.2,2048,14.45942
myGEMM.cl, 2, 4,-cl-std=CL1.2,512,0.18479
myGEMM.cl, 2, 4,-cl-std=CL1.2,1024,1.51851
myGEMM.cl, 2, 4,-cl-std=CL1.2,2048,15.64654
myGEMM.cl, 2, 4,-cl-std=CL1.2,512,0.18554
myGEMM.cl, 2, 4,-cl-std=CL1.2,1024,1.51801
myGEMM.cl, 2, 4,-cl-std=CL1.2,2048,14.84002
myGEMM.cl, 2, 8,-cl-std=CL1.2,512,0.23732
myGEMM.cl, 2, 8,-cl-std=CL1.2,1024,1.86935
myGEMM.cl, 2, 8,-cl-std=CL1.2,2048,14.71776
myGEMM.cl, 2, 8,-cl-std=CL1.2,512,0.22922
myGEMM.cl, 2, 8,-cl-std=CL1.2,1024,1.86099
myGEMM.cl, 2, 8,-cl-std=CL1.2,2048,14.69113
myGEMM.cl, 2, 8,-cl-std=CL1.2,512,0.23389
myGEMM.cl, 2, 8,-cl-std=CL1.2,1024,1.88575
myGEMM.cl, 2, 8,-cl-std=CL1.2,2048,14.64397
myGEMM.cl, 2, 8,-cl-std=CL1.2,512,0.23412
myGEMM.cl, 2, 8,-cl-std=CL1.2,1024,1.89390
myGEMM.cl, 2, 8,-cl-std=CL1.2,2048,14.82427
myGEMM.cl, 2, 8,-cl-std=CL1.2,512,0.23414
myGEMM.cl, 2, 8,-cl-std=CL1.2,1024,1.91816
myGEMM.cl, 2, 8,-cl-std=CL1.2,2048,14.68697
myGEMM.cl, 2, 8,-cl-std=CL1.2,512,0.24072
myGEMM.cl, 2, 8,-cl-std=CL1.2,1024,1.84218
myGEMM.cl, 2, 8,-cl-std=CL1.2,2048,14.73862
myGEMM.cl, 3, 8,-cl-std=CL1.2,512,0.08762
myGEMM.cl, 3, 8,-cl-std=CL1.2,1024,0.70834
myGEMM.cl, 3, 8,-cl-std=CL1.2,2048,5.85407
myGEMM.cl, 3, 8,-cl-std=CL1.2,512,0.08742
myGEMM.cl, 3, 8,-cl-std=CL1.2,1024,0.69801
myGEMM.cl, 3, 8,-cl-std=CL1.2,2048,5.83802
myGEMM.cl, 3, 8,-cl-std=CL1.2,512,0.08909
myGEMM.cl, 3, 8,-cl-std=CL1.2,1024,0.69896
myGEMM.cl, 3, 8,-cl-std=CL1.2,2048,5.86638
myGEMM.cl, 3, 8,-cl-std=CL1.2,512,0.08724
myGEMM.cl, 3, 8,-cl-std=CL1.2,1024,0.70237
myGEMM.cl, 3, 8,-cl-std=CL1.2,2048,5.94652
myGEMM.cl, 3, 8,-cl-std=CL1.2,512,0.08853
myGEMM.cl, 3, 8,-cl-std=CL1.2,1024,0.70137
myGEMM.cl, 3, 8,-cl-std=CL1.2,2048,5.80498
myGEMM.cl, 3,16,-cl-std=CL1.2,512,0.05296
myGEMM.cl, 3,16,-cl-std=CL1.2,1024,0.43251
myGEMM.cl, 3,16,-cl-std=CL1.2,2048,3.37354
myGEMM.cl, 3,16,-cl-std=CL1.2,512,0.05329
myGEMM.cl, 3,16,-cl-std=CL1.2,1024,0.43369
myGEMM.cl, 3,16,-cl-std=CL1.2,2048,3.45986
myGEMM.cl, 3,16,-cl-std=CL1.2,512,0.05412
myGEMM.cl, 3,16,-cl-std=CL1.2,1024,0.44148
myGEMM.cl, 3,16,-cl-std=CL1.2,2048,3.43653
myGEMM.cl, 3,16,-cl-std=CL1.2,512,0.05773
myGEMM.cl, 3,16,-cl-std=CL1.2,1024,0.43342
myGEMM.cl, 3,16,-cl-std=CL1.2,2048,3.45639
myGEMM.cl, 3,16,-cl-std=CL1.2,512,0.05232
myGEMM.cl, 3,16,-cl-std=CL1.2,1024,0.45718
myGEMM.cl, 3,16,-cl-std=CL1.2,2048,3.38990
myGEMM.cl, 4, 8,-cl-std=CL1.2,512,0.05892
myGEMM.cl, 4, 8,-cl-std=CL1.2,1024,0.48311
myGEMM.cl, 4, 8,-cl-std=CL1.2,2048,3.71287
myGEMM.cl, 4, 8,-cl-std=CL1.2,512,0.05902
myGEMM.cl, 4, 8,-cl-std=CL1.2,1024,0.50409
myGEMM.cl, 4, 8,-cl-std=CL1.2,2048,3.76933
myGEMM.cl, 4, 8,-cl-std=CL1.2,512,0.05878
myGEMM.cl, 4, 8,-cl-std=CL1.2,1024,0.48542
myGEMM.cl, 4, 8,-cl-std=CL1.2,2048,3.65813
myGEMM.cl, 4, 8,-cl-std=CL1.2,512,0.05955
myGEMM.cl, 4, 8,-cl-std=CL1.2,1024,0.48662
myGEMM.cl, 4, 8,-cl-std=CL1.2,2048,3.74386
myGEMM.cl, 4, 8,-cl-std=CL1.2,512,0.05922
myGEMM.cl, 4, 8,-cl-std=CL1.2,1024,0.49533
myGEMM.cl, 4, 8,-cl-std=CL1.2,2048,3.73111
myGEMM.cl, 4,16,-cl-std=CL1.2,512,0.04719
myGEMM.cl, 4,16,-cl-std=CL1.2,1024,0.37223
myGEMM.cl, 4,16,-cl-std=CL1.2,2048,2.96281
myGEMM.cl, 4,16,-cl-std=CL1.2,512,0.04689
myGEMM.cl, 4,16,-cl-std=CL1.2,1024,0.37282
myGEMM.cl, 4,16,-cl-std=CL1.2,2048,2.97212
myGEMM.cl, 4,16,-cl-std=CL1.2,512,0.04741
myGEMM.cl, 4,16,-cl-std=CL1.2,1024,0.37243
myGEMM.cl, 4,16,-cl-std=CL1.2,2048,2.96005
myGEMM.cl, 4,16,-cl-std=CL1.2,512,0.04719
myGEMM.cl, 4,16,-cl-std=CL1.2,1024,0.37009
myGEMM.cl, 4,16,-cl-std=CL1.2,2048,2.97867
myGEMM.cl, 4,16,-cl-std=CL1.2,512,0.04772
myGEMM.cl, 4,16,-cl-std=CL1.2,1024,0.37110
myGEMM.cl, 4,16,-cl-std=CL1.2,2048,2.96891
myGEMM.cl, 5, 8,-cl-std=CL1.2,512,0.13237
myGEMM.cl, 5, 8,-cl-std=CL1.2,1024,1.06865
myGEMM.cl, 5, 8,-cl-std=CL1.2,2048,8.73011
myGEMM.cl, 5, 8,-cl-std=CL1.2,512,0.13288
myGEMM.cl, 5, 8,-cl-std=CL1.2,1024,1.06434
myGEMM.cl, 5, 8,-cl-std=CL1.2,2048,8.70710
myGEMM.cl, 5, 8,-cl-std=CL1.2,512,0.13382
myGEMM.cl, 5, 8,-cl-std=CL1.2,1024,1.07173
myGEMM.cl, 5, 8,-cl-std=CL1.2,2048,8.72242
myGEMM.cl, 5, 8,-cl-std=CL1.2,512,0.13249
myGEMM.cl, 5, 8,-cl-std=CL1.2,1024,1.07041
myGEMM.cl, 5, 8,-cl-std=CL1.2,2048,8.71704
myGEMM.cl, 5, 8,-cl-std=CL1.2,512,0.13236
myGEMM.cl, 5, 8,-cl-std=CL1.2,1024,1.06806
myGEMM.cl, 5, 8,-cl-std=CL1.2,2048,8.73089
myGEMM.cl, 5,16,-cl-std=CL1.2,512,0.05414
myGEMM.cl, 5,16,-cl-std=CL1.2,1024,0.42524
myGEMM.cl, 5,16,-cl-std=CL1.2,2048,3.40993
myGEMM.cl, 5,16,-cl-std=CL1.2,512,0.05399
myGEMM.cl, 5,16,-cl-std=CL1.2,1024,0.42522
myGEMM.cl, 5,16,-cl-std=CL1.2,2048,3.40467
myGEMM.cl, 5,16,-cl-std=CL1.2,512,0.05413
myGEMM.cl, 5,16,-cl-std=CL1.2,1024,0.42584
myGEMM.cl, 5,16,-cl-std=CL1.2,2048,3.41442
myGEMM.cl, 5,16,-cl-std=CL1.2,512,0.05408
myGEMM.cl, 5,16,-cl-std=CL1.2,1024,0.42592
myGEMM.cl, 5,16,-cl-std=CL1.2,2048,3.40685
myGEMM.cl, 5,16,-cl-std=CL1.2,512,0.05421
myGEMM.cl, 5,16,-cl-std=CL1.2,1024,0.42521
myGEMM.cl, 5,16,-cl-std=CL1.2,2048,3.46355
myGEMM.cl, 6, 8,-cl-std=CL1.2,512,1.12335
myGEMM.cl, 6, 8,-cl-std=CL1.2,1024,9.21721
myGEMM.cl, 6, 8,-cl-std=CL1.2,2048,76.73075
myGEMM.cl, 6, 8,-cl-std=CL1.2,512,1.12795
myGEMM.cl, 6, 8,-cl-std=CL1.2,1024,9.07467
myGEMM.cl, 6, 8,-cl-std=CL1.2,2048,75.33944
myGEMM.cl, 6, 8,-cl-std=CL1.2,512,1.12540
myGEMM.cl, 6, 8,-cl-std=CL1.2,1024,9.13545
myGEMM.cl, 6, 8,-cl-std=CL1.2,2048,76.87535
myGEMM.cl, 6, 8,-cl-std=CL1.2,512,1.13458
myGEMM.cl, 6, 8,-cl-std=CL1.2,1024,9.08051
myGEMM.cl, 6, 8,-cl-std=CL1.2,2048,75.71758
myGEMM.cl, 6, 8,-cl-std=CL1.2,512,1.12632
myGEMM.cl, 6, 8,-cl-std=CL1.2,1024,9.10764
myGEMM.cl, 6, 8,-cl-std=CL1.2,2048,76.26855
myGEMM.cl, 6,16,-cl-std=CL1.2,512,1.12954
myGEMM.cl, 6,16,-cl-std=CL1.2,1024,9.05846
myGEMM.cl, 6,16,-cl-std=CL1.2,2048,75.36019
myGEMM.cl, 6,16,-cl-std=CL1.2,512,1.12547
myGEMM.cl, 6,16,-cl-std=CL1.2,1024,9.15606
myGEMM.cl, 6,16,-cl-std=CL1.2,2048,76.45620
myGEMM.cl, 6,16,-cl-std=CL1.2,512,1.13017
myGEMM.cl, 6,16,-cl-std=CL1.2,1024,9.07105
myGEMM.cl, 6,16,-cl-std=CL1.2,2048,75.40203
myGEMM.cl, 6,16,-cl-std=CL1.2,512,1.12769
myGEMM.cl, 6,16,-cl-std=CL1.2,1024,9.16649
myGEMM.cl, 6,16,-cl-std=CL1.2,2048,76.24505
myGEMM.cl, 6,16,-cl-std=CL1.2,512,1.12696
myGEMM.cl, 6,16,-cl-std=CL1.2,1024,9.06976
myGEMM.cl, 6,16,-cl-std=CL1.2,2048,75.32909
myGEMM.cl, 7, 8,-cl-std=CL1.2,512,1.51149
myGEMM.cl, 7, 8,-cl-std=CL1.2,1024,12.52657
myGEMM.cl, 7, 8,-cl-std=CL1.2,2048,100.18134
myGEMM.cl, 7, 8,-cl-std=CL1.2,512,1.25451
myGEMM.cl, 7, 8,-cl-std=CL1.2,1024,9.96548
myGEMM.cl, 7, 8,-cl-std=CL1.2,2048,85.73842
myGEMM.cl, 7, 8,-cl-std=CL1.2,512,1.36258
myGEMM.cl, 7, 8,-cl-std=CL1.2,1024,11.68426
myGEMM.cl, 7, 8,-cl-std=CL1.2,2048,78.82872
myGEMM.cl, 7, 8,-cl-std=CL1.2,512,1.26115
myGEMM.cl, 7, 8,-cl-std=CL1.2,1024,10.42847
myGEMM.cl, 7, 8,-cl-std=CL1.2,2048,83.61255
myGEMM.cl, 7, 8,-cl-std=CL1.2,512,1.47674
myGEMM.cl, 7, 8,-cl-std=CL1.2,1024,11.04192
myGEMM.cl, 7, 8,-cl-std=CL1.2,2048,80.11705
myGEMM.cl, 7,16,-cl-std=CL1.2,512,1.33378
myGEMM.cl, 7,16,-cl-std=CL1.2,1024,10.32293
myGEMM.cl, 7,16,-cl-std=CL1.2,2048,82.95864
myGEMM.cl, 7,16,-cl-std=CL1.2,512,1.29481
myGEMM.cl, 7,16,-cl-std=CL1.2,1024,10.11376
myGEMM.cl, 7,16,-cl-std=CL1.2,2048,80.89594
myGEMM.cl, 7,16,-cl-std=CL1.2,512,1.27264
myGEMM.cl, 7,16,-cl-std=CL1.2,1024,10.48522
myGEMM.cl, 7,16,-cl-std=CL1.2,2048,81.44793
myGEMM.cl, 7,16,-cl-std=CL1.2,512,1.26565
myGEMM.cl, 7,16,-cl-std=CL1.2,1024,10.09780
myGEMM.cl, 7,16,-cl-std=CL1.2,2048,82.98525
myGEMM.cl, 7,16,-cl-std=CL1.2,512,1.29625
myGEMM.cl, 7,16,-cl-std=CL1.2,1024,10.04781
myGEMM.cl, 7,16,-cl-std=CL1.2,2048,79.40017
myGEMM.cl, 8, 8,-cl-std=CL1.2,512,1.51980
myGEMM.cl, 8, 8,-cl-std=CL1.2,1024,11.89911
myGEMM.cl, 8, 8,-cl-std=CL1.2,2048,96.65816
myGEMM.cl, 8, 8,-cl-std=CL1.2,512,1.26338
myGEMM.cl, 8, 8,-cl-std=CL1.2,1024,10.05579
myGEMM.cl, 8, 8,-cl-std=CL1.2,2048,82.10353
myGEMM.cl, 8, 8,-cl-std=CL1.2,512,1.29573
myGEMM.cl, 8, 8,-cl-std=CL1.2,1024,10.00975
myGEMM.cl, 8, 8,-cl-std=CL1.2,2048,80.05738
myGEMM.cl, 8, 8,-cl-std=CL1.2,512,1.28607
myGEMM.cl, 8, 8,-cl-std=CL1.2,1024,10.56070
myGEMM.cl, 8, 8,-cl-std=CL1.2,2048,81.12744
myGEMM.cl, 8, 8,-cl-std=CL1.2,512,1.26019
myGEMM.cl, 8, 8,-cl-std=CL1.2,1024,10.02814
myGEMM.cl, 8, 8,-cl-std=CL1.2,2048,80.18303
myGEMM.cl, 8,16,-cl-std=CL1.2,512,1.37672
myGEMM.cl, 8,16,-cl-std=CL1.2,1024,9.99822
myGEMM.cl, 8,16,-cl-std=CL1.2,2048,82.48369
myGEMM.cl, 8,16,-cl-std=CL1.2,512,1.25450
myGEMM.cl, 8,16,-cl-std=CL1.2,1024,10.30865
myGEMM.cl, 8,16,-cl-std=CL1.2,2048,81.36128
myGEMM.cl, 8,16,-cl-std=CL1.2,512,1.24734
myGEMM.cl, 8,16,-cl-std=CL1.2,1024,9.93722
myGEMM.cl, 8,16,-cl-std=CL1.2,2048,77.92338
myGEMM.cl, 8,16,-cl-std=CL1.2,512,1.30623
myGEMM.cl, 8,16,-cl-std=CL1.2,1024,9.96389
myGEMM.cl, 8,16,-cl-std=CL1.2,2048,81.52346
myGEMM.cl, 8,16,-cl-std=CL1.2,512,1.30749
myGEMM.cl, 8,16,-cl-std=CL1.2,1024,9.88799
myGEMM.cl, 8,16,-cl-std=CL1.2,2048,80.32569
myGEMM.cl, 9, 8,-cl-std=CL1.2,512,1.83240
myGEMM.cl, 9, 8,-cl-std=CL1.2,1024,13.97855
myGEMM.cl, 9, 8,-cl-std=CL1.2,2048,118.74731
myGEMM.cl, 9, 8,-cl-std=CL1.2,512,1.25021
myGEMM.cl, 9, 8,-cl-std=CL1.2,1024,10.51893
myGEMM.cl, 9, 8,-cl-std=CL1.2,2048,82.23660
myGEMM.cl, 9, 8,-cl-std=CL1.2,512,1.42966
myGEMM.cl, 9, 8,-cl-std=CL1.2,1024,10.39379
myGEMM.cl, 9, 8,-cl-std=CL1.2,2048,84.60887
myGEMM.cl, 9, 8,-cl-std=CL1.2,512,1.21987
myGEMM.cl, 9, 8,-cl-std=CL1.2,1024,10.53647
myGEMM.cl, 9, 8,-cl-std=CL1.2,2048,81.55892
myGEMM.cl, 9, 8,-cl-std=CL1.2,512,1.23899
myGEMM.cl, 9, 8,-cl-std=CL1.2,1024,10.56608
myGEMM.cl, 9, 8,-cl-std=CL1.2,2048,84.54685
myGEMM.cl, 9,16,-cl-std=CL1.2,512,1.22670
myGEMM.cl, 9,16,-cl-std=CL1.2,1024,10.24354
myGEMM.cl, 9,16,-cl-std=CL1.2,2048,78.47545
myGEMM.cl, 9,16,-cl-std=CL1.2,512,1.27539
myGEMM.cl, 9,16,-cl-std=CL1.2,1024,11.85538
myGEMM.cl, 9,16,-cl-std=CL1.2,2048,84.76249
myGEMM.cl, 9,16,-cl-std=CL1.2,512,1.20755
myGEMM.cl, 9,16,-cl-std=CL1.2,1024,10.25214
myGEMM.cl, 9,16,-cl-std=CL1.2,2048,88.63545
myGEMM.cl, 9,16,-cl-std=CL1.2,512,1.28911
myGEMM.cl, 9,16,-cl-std=CL1.2,1024,10.32973
myGEMM.cl, 9,16,-cl-std=CL1.2,2048,85.87897
myGEMM.cl, 9,16,-cl-std=CL1.2,512,1.23315
myGEMM.cl, 9,16,-cl-std=CL1.2,1024,10.17279
myGEMM.cl, 9,16,-cl-std=CL1.2,2048,82.98618
myGEMM.cl,10, 8,-cl-std=CL1.2,512,1.42458
myGEMM.cl,10, 8,-cl-std=CL1.2,1024,11.64947
myGEMM.cl,10, 8,-cl-std=CL1.2,2048,89.41182
myGEMM.cl,10, 8,-cl-std=CL1.2,512,1.32953
myGEMM.cl,10, 8,-cl-std=CL1.2,1024,10.65883
myGEMM.cl,10, 8,-cl-std=CL1.2,2048,85.60497
myGEMM.cl,10, 8,-cl-std=CL1.2,512,1.33358
myGEMM.cl,10, 8,-cl-std=CL1.2,1024,10.25776
myGEMM.cl,10, 8,-cl-std=CL1.2,2048,81.62584
myGEMM.cl,10, 8,-cl-std=CL1.2,512,1.35043
myGEMM.cl,10, 8,-cl-std=CL1.2,1024,10.42980
myGEMM.cl,10, 8,-cl-std=CL1.2,2048,83.68655
myGEMM.cl,10, 8,-cl-std=CL1.2,512,1.33108
myGEMM.cl,10, 8,-cl-std=CL1.2,1024,10.62113
myGEMM.cl,10, 8,-cl-std=CL1.2,2048,84.38641
myGEMM.cl,10,16,-cl-std=CL1.2,512,1.29466
myGEMM.cl,10,16,-cl-std=CL1.2,1024,10.42145
myGEMM.cl,10,16,-cl-std=CL1.2,2048,83.65402
myGEMM.cl,10,16,-cl-std=CL1.2,512,1.34115
myGEMM.cl,10,16,-cl-std=CL1.2,1024,10.85023
myGEMM.cl,10,16,-cl-std=CL1.2,2048,84.71055
myGEMM.cl,10,16,-cl-std=CL1.2,512,1.28773
myGEMM.cl,10,16,-cl-std=CL1.2,1024,10.80453
myGEMM.cl,10,16,-cl-std=CL1.2,2048,83.36809
myGEMM.cl,10,16,-cl-std=CL1.2,512,1.30810
myGEMM.cl,10,16,-cl-std=CL1.2,1024,10.45325
myGEMM.cl,10,16,-cl-std=CL1.2,2048,85.85422
myGEMM.cl,10,16,-cl-std=CL1.2,512,1.30518
myGEMM.cl,10,16,-cl-std=CL1.2,1024,10.68679
myGEMM.cl,10,16,-cl-std=CL1.2,2048,85.46050
myGEMM.cl, 1, 4,-cl-std=CL1.2,512,0.40399
myGEMM.cl, 1, 4,-cl-std=CL1.2,1024,3.31011
myGEMM.cl, 1, 4,-cl-std=CL1.2,2048,27.54625
myGEMM.cl, 1, 4,-cl-std=CL1.2,512,0.40604
myGEMM.cl, 1, 4,-cl-std=CL1.2,1024,3.37305
myGEMM.cl, 1, 4,-cl-std=CL1.2,2048,27.47664
myGEMM.cl, 1, 8,-cl-std=CL1.2,512,0.39068
myGEMM.cl, 1, 8,-cl-std=CL1.2,1024,3.18565
myGEMM.cl, 1, 8,-cl-std=CL1.2,2048,26.46677
myGEMM.cl, 1,16,-cl-std=CL1.2,512,0.40946
myGEMM.cl, 1,16,-cl-std=CL1.2,1024,3.32064
myGEMM.cl, 1,16,-cl-std=CL1.2,2048,27.07295
myGEMM.cl, 2, 4,-cl-std=CL1.2,512,0.20188
myGEMM.cl, 2, 4,-cl-std=CL1.2,1024,1.85608
myGEMM.cl, 2, 4,-cl-std=CL1.2,2048,16.57481
myGEMM.cl, 2, 8,-cl-std=CL1.2,512,0.23168
myGEMM.cl, 2, 8,-cl-std=CL1.2,1024,1.82607
myGEMM.cl, 2, 8,-cl-std=CL1.2,2048,14.67434
myGEMM.cl, 2,16,-cl-std=CL1.2,512,0.13690
myGEMM.cl, 2,16,-cl-std=CL1.2,1024,1.12032
myGEMM.cl, 2,16,-cl-std=CL1.2,2048,8.82863

myGEMM.cl, 1, 4,-cl-std=CL1.2,512,0.40638
myGEMM.cl, 1, 4,-cl-std=CL1.2,1024,3.35220
myGEMM.cl, 1, 4,-cl-std=CL1.2,2048,27.64233
myGEMM.cl, 1, 4,-cl-std=CL1.2,512,0.40207
myGEMM.cl, 1, 4,-cl-std=CL1.2,1024,3.33078
myGEMM.cl, 1, 4,-cl-std=CL1.2,2048,27.90434
myGEMM.cl, 1, 4,-cl-std=CL1.2,512,0.40260
myGEMM.cl, 1, 4,-cl-std=CL1.2,1024,3.34099
myGEMM.cl, 1, 4,-cl-std=CL1.2,2048,27.61243
myGEMM.cl, 1, 4,-cl-std=CL1.2,512,0.40287
myGEMM.cl, 1, 4,-cl-std=CL1.2,1024,3.35295
myGEMM.cl, 1, 4,-cl-std=CL1.2,2048,27.49307
myGEMM.cl, 1, 4,-cl-std=CL1.2,512,0.40419
myGEMM.cl, 1, 4,-cl-std=CL1.2,1024,3.34509
myGEMM.cl, 1, 4,-cl-std=CL1.2,2048,27.40331
myGEMM.cl, 1, 4,-cl-std=CL1.2,512,0.40374
myGEMM.cl, 1, 4,-cl-std=CL1.2,1024,3.35345
myGEMM.cl, 1, 4,-cl-std=CL1.2,2048,27.42403
myGEMM.cl, 1, 4,-cl-std=CL1.2,512,0.40455
myGEMM.cl, 1, 4,-cl-std=CL1.2,1024,3.34924
myGEMM.cl, 1, 4,-cl-std=CL1.2,2048,27.94317
myGEMM.cl, 1, 4,-cl-std=CL1.2,512,0.40581
myGEMM.cl, 1, 4,-cl-std=CL1.2,1024,3.35022
myGEMM.cl, 1, 4,-cl-std=CL1.2,2048,27.50077
myGEMM.cl, 1, 4,-cl-std=CL1.2,512,0.40173
myGEMM.cl, 1, 4,-cl-std=CL1.2,1024,3.34866
myGEMM.cl, 1, 4,-cl-std=CL1.2,2048,27.45829
myGEMM.cl, 1, 4,-cl-std=CL1.2,512,0.40917
myGEMM.cl, 1, 4,-cl-std=CL1.2,1024,3.34314
myGEMM.cl, 1, 4,-cl-std=CL1.2,2048,27.72415
myGEMM.cl, 1, 8,-cl-std=CL1.2,512,0.41389
myGEMM.cl, 1, 8,-cl-std=CL1.2,1024,3.36734
myGEMM.cl, 1, 8,-cl-std=CL1.2,2048,27.44748
myGEMM.cl, 1, 8,-cl-std=CL1.2,512,0.42147
myGEMM.cl, 1, 8,-cl-std=CL1.2,1024,3.34432
myGEMM.cl, 1, 8,-cl-std=CL1.2,2048,27.19537
myGEMM.cl, 1, 8,-cl-std=CL1.2,512,0.40772
myGEMM.cl, 1, 8,-cl-std=CL1.2,1024,3.33480
myGEMM.cl, 1, 8,-cl-std=CL1.2,2048,27.14525
myGEMM.cl, 1, 8,-cl-std=CL1.2,512,0.42957
myGEMM.cl, 1, 8,-cl-std=CL1.2,1024,3.39298
myGEMM.cl, 1, 8,-cl-std=CL1.2,2048,27.28948
myGEMM.cl, 1, 8,-cl-std=CL1.2,512,0.42102
myGEMM.cl, 1, 8,-cl-std=CL1.2,1024,3.34731
myGEMM.cl, 1, 8,-cl-std=CL1.2,2048,27.32380
myGEMM.cl, 1, 8,-cl-std=CL1.2,512,0.41497
myGEMM.cl, 1, 8,-cl-std=CL1.2,1024,3.41763
myGEMM.cl, 1, 8,-cl-std=CL1.2,2048,27.41102
myGEMM.cl, 1, 8,-cl-std=CL1.2,512,0.42233
myGEMM.cl, 1, 8,-cl-std=CL1.2,1024,3.38335
myGEMM.cl, 1, 8,-cl-std=CL1.2,2048,26.98989
myGEMM.cl, 1, 8,-cl-std=CL1.2,512,0.41392
myGEMM.cl, 1, 8,-cl-std=CL1.2,1024,3.37890
myGEMM.cl, 1, 8,-cl-std=CL1.2,2048,27.51621
myGEMM.cl, 1, 8,-cl-std=CL1.2,512,0.40252
myGEMM.cl, 1, 8,-cl-std=CL1.2,1024,3.39879
myGEMM.cl, 1, 8,-cl-std=CL1.2,2048,27.42787
myGEMM.cl, 1, 8,-cl-std=CL1.2,512,0.42862
myGEMM.cl, 1, 8,-cl-std=CL1.2,1024,3.41180
myGEMM.cl, 1, 8,-cl-std=CL1.2,2048,27.47184
myGEMM.cl, 1,16,-cl-std=CL1.2,512,0.44359
myGEMM.cl, 1,16,-cl-std=CL1.2,1024,3.62242
myGEMM.cl, 1,16,-cl-std=CL1.2,2048,28.29221
myGEMM.cl, 1,16,-cl-std=CL1.2,512,0.43582
myGEMM.cl, 1,16,-cl-std=CL1.2,1024,3.46289
myGEMM.cl, 1,16,-cl-std=CL1.2,2048,28.77656
myGEMM.cl, 1,16,-cl-std=CL1.2,512,0.43514
myGEMM.cl, 1,16,-cl-std=CL1.2,1024,3.44100
myGEMM.cl, 1,16,-cl-std=CL1.2,2048,28.28984
myGEMM.cl, 1,16,-cl-std=CL1.2,512,0.43779
myGEMM.cl, 1,16,-cl-std=CL1.2,1024,3.47707
myGEMM.cl, 1,16,-cl-std=CL1.2,2048,28.19856
myGEMM.cl, 1,16,-cl-std=CL1.2,512,0.43705
myGEMM.cl, 1,16,-cl-std=CL1.2,1024,3.45322
myGEMM.cl, 1,16,-cl-std=CL1.2,2048,28.89599
myGEMM.cl, 1,16,-cl-std=CL1.2,512,0.43478
myGEMM.cl, 1,16,-cl-std=CL1.2,1024,3.50250
myGEMM.cl, 1,16,-cl-std=CL1.2,2048,28.47627
myGEMM.cl, 1,16,-cl-std=CL1.2,512,0.43370
myGEMM.cl, 1,16,-cl-std=CL1.2,1024,3.47781
myGEMM.cl, 1,16,-cl-std=CL1.2,2048,28.42908
myGEMM.cl, 1,16,-cl-std=CL1.2,512,0.42872
myGEMM.cl, 1,16,-cl-std=CL1.2,1024,3.51218
myGEMM.cl, 1,16,-cl-std=CL1.2,2048,28.33292
myGEMM.cl, 1,16,-cl-std=CL1.2,512,0.43084
myGEMM.cl, 1,16,-cl-std=CL1.2,1024,3.45308
myGEMM.cl, 1,16,-cl-std=CL1.2,2048,29.35562
myGEMM.cl, 1,16,-cl-std=CL1.2,512,0.42790
myGEMM.cl, 1,16,-cl-std=CL1.2,1024,3.53741
myGEMM.cl, 1,16,-cl-std=CL1.2,2048,28.46522
myGEMM.cl, 2, 4,-cl-std=CL1.2,512,0.18472
myGEMM.cl, 2, 4,-cl-std=CL1.2,1024,1.51962
myGEMM.cl, 2, 4,-cl-std=CL1.2,2048,12.70481
myGEMM.cl, 2, 4,-cl-std=CL1.2,512,0.18535
myGEMM.cl, 2, 4,-cl-std=CL1.2,1024,1.51895
myGEMM.cl, 2, 4,-cl-std=CL1.2,2048,12.67072
myGEMM.cl, 2, 4,-cl-std=CL1.2,512,0.18482
myGEMM.cl, 2, 4,-cl-std=CL1.2,1024,1.52364
myGEMM.cl, 2, 4,-cl-std=CL1.2,2048,12.73444
myGEMM.cl, 2, 4,-cl-std=CL1.2,512,0.18896
myGEMM.cl, 2, 4,-cl-std=CL1.2,1024,1.52142
myGEMM.cl, 2, 4,-cl-std=CL1.2,2048,12.65836
myGEMM.cl, 2, 4,-cl-std=CL1.2,512,0.18569
myGEMM.cl, 2, 4,-cl-std=CL1.2,1024,1.52841
myGEMM.cl, 2, 4,-cl-std=CL1.2,2048,12.64085
myGEMM.cl, 2, 4,-cl-std=CL1.2,512,0.18488
myGEMM.cl, 2, 4,-cl-std=CL1.2,1024,1.52679
myGEMM.cl, 2, 4,-cl-std=CL1.2,2048,12.67344
myGEMM.cl, 2, 4,-cl-std=CL1.2,512,0.18560
myGEMM.cl, 2, 4,-cl-std=CL1.2,1024,1.52447
myGEMM.cl, 2, 4,-cl-std=CL1.2,2048,12.63896
myGEMM.cl, 2, 4,-cl-std=CL1.2,512,0.18559
myGEMM.cl, 2, 4,-cl-std=CL1.2,1024,1.51914
myGEMM.cl, 2, 4,-cl-std=CL1.2,2048,12.69113
myGEMM.cl, 2, 4,-cl-std=CL1.2,512,0.18428
myGEMM.cl, 2, 4,-cl-std=CL1.2,1024,1.52288
myGEMM.cl, 2, 4,-cl-std=CL1.2,2048,12.65416
myGEMM.cl, 2, 4,-cl-std=CL1.2,512,0.18472
myGEMM.cl, 2, 4,-cl-std=CL1.2,1024,1.52392
myGEMM.cl, 2, 4,-cl-std=CL1.2,2048,12.75885
myGEMM.cl, 2, 8,-cl-std=CL1.2,512,0.23321
myGEMM.cl, 2, 8,-cl-std=CL1.2,1024,1.84929
myGEMM.cl, 2, 8,-cl-std=CL1.2,2048,14.84925
myGEMM.cl, 2, 8,-cl-std=CL1.2,512,0.23652
myGEMM.cl, 2, 8,-cl-std=CL1.2,1024,1.83795
myGEMM.cl, 2, 8,-cl-std=CL1.2,2048,15.03218
myGEMM.cl, 2, 8,-cl-std=CL1.2,512,0.22838
myGEMM.cl, 2, 8,-cl-std=CL1.2,1024,1.89495
myGEMM.cl, 2, 8,-cl-std=CL1.2,2048,14.99883
myGEMM.cl, 2, 8,-cl-std=CL1.2,512,0.23000
myGEMM.cl, 2, 8,-cl-std=CL1.2,1024,1.87829
myGEMM.cl, 2, 8,-cl-std=CL1.2,2048,14.82093
myGEMM.cl, 2, 8,-cl-std=CL1.2,512,0.23147
myGEMM.cl, 2, 8,-cl-std=CL1.2,1024,1.89935
myGEMM.cl, 2, 8,-cl-std=CL1.2,2048,14.86308
myGEMM.cl, 2, 8,-cl-std=CL1.2,512,0.23264
myGEMM.cl, 2, 8,-cl-std=CL1.2,1024,1.86424
myGEMM.cl, 2, 8,-cl-std=CL1.2,2048,14.97438
myGEMM.cl, 2, 8,-cl-std=CL1.2,512,0.23386
myGEMM.cl, 2, 8,-cl-std=CL1.2,1024,1.85875
myGEMM.cl, 2, 8,-cl-std=CL1.2,2048,14.78506
myGEMM.cl, 2, 8,-cl-std=CL1.2,512,0.22911
myGEMM.cl, 2, 8,-cl-std=CL1.2,1024,1.88633
myGEMM.cl, 2, 8,-cl-std=CL1.2,2048,15.00731
myGEMM.cl, 2, 8,-cl-std=CL1.2,512,0.23667
myGEMM.cl, 2, 8,-cl-std=CL1.2,1024,1.84805
myGEMM.cl, 2, 8,-cl-std=CL1.2,2048,14.79477
myGEMM.cl, 2, 8,-cl-std=CL1.2,512,0.24090
myGEMM.cl, 2, 8,-cl-std=CL1.2,1024,1.85011
myGEMM.cl, 2, 8,-cl-std=CL1.2,2048,15.02750
myGEMM.cl, 2,16,-cl-std=CL1.2,512,0.14232
myGEMM.cl, 2,16,-cl-std=CL1.2,1024,1.09881
myGEMM.cl, 2,16,-cl-std=CL1.2,2048,8.96037
myGEMM.cl, 2,16,-cl-std=CL1.2,512,0.14007
myGEMM.cl, 2,16,-cl-std=CL1.2,1024,1.11613
myGEMM.cl, 2,16,-cl-std=CL1.2,2048,8.96703
myGEMM.cl, 2,16,-cl-std=CL1.2,512,0.14164
myGEMM.cl, 2,16,-cl-std=CL1.2,1024,1.11613
myGEMM.cl, 2,16,-cl-std=CL1.2,2048,8.88356
myGEMM.cl, 2,16,-cl-std=CL1.2,512,0.14248
myGEMM.cl, 2,16,-cl-std=CL1.2,1024,1.10553
myGEMM.cl, 2,16,-cl-std=CL1.2,2048,9.07724
myGEMM.cl, 2,16,-cl-std=CL1.2,512,0.14237
myGEMM.cl, 2,16,-cl-std=CL1.2,1024,1.11559
myGEMM.cl, 2,16,-cl-std=CL1.2,2048,9.13691
myGEMM.cl, 2,16,-cl-std=CL1.2,512,0.14148
myGEMM.cl, 2,16,-cl-std=CL1.2,1024,1.09835
myGEMM.cl, 2,16,-cl-std=CL1.2,2048,9.12768
myGEMM.cl, 2,16,-cl-std=CL1.2,512,0.13813
myGEMM.cl, 2,16,-cl-std=CL1.2,1024,1.11052
myGEMM.cl, 2,16,-cl-std=CL1.2,2048,9.02276
myGEMM.cl, 2,16,-cl-std=CL1.2,512,0.14107
myGEMM.cl, 2,16,-cl-std=CL1.2,1024,1.11939
myGEMM.cl, 2,16,-cl-std=CL1.2,2048,9.00869
myGEMM.cl, 2,16,-cl-std=CL1.2,512,0.14099
myGEMM.cl, 2,16,-cl-std=CL1.2,1024,1.09926
myGEMM.cl, 2,16,-cl-std=CL1.2,2048,9.01923
myGEMM.cl, 2,16,-cl-std=CL1.2,512,0.13997
myGEMM.cl, 2,16,-cl-std=CL1.2,1024,1.12415
myGEMM.cl, 2,16,-cl-std=CL1.2,2048,9.01326
myGEMM.cl, 1, 8,-cl-std=CL1.2,512,0.39197
myGEMM.cl, 1, 8,-cl-std=CL1.2,1024,3.19340
myGEMM.cl, 1, 8,-cl-std=CL1.2,2048,26.37880
myGEMM.cl, 1, 8,-cl-std=CL1.2,512,0.41494
myGEMM.cl, 1, 8,-cl-std=CL1.2,1024,3.31947
myGEMM.cl, 1, 8,-cl-std=CL1.2,2048,27.21359
myGEMM.cl, 1, 8,-cl-std=CL1.2,512,0.42564
myGEMM.cl, 1, 8,-cl-std=CL1.2,1024,3.32961
myGEMM.cl, 1, 8,-cl-std=CL1.2,2048,26.96856
myGEMM.cl, 1, 8,-cl-std=CL1.2,512,0.40613
myGEMM.cl, 1, 8,-cl-std=CL1.2,1024,3.41400
myGEMM.cl, 1, 8,-cl-std=CL1.2,2048,27.05883
myGEMM.cl, 1, 8,-cl-std=CL1.2,512,0.40448
myGEMM.cl, 1, 8,-cl-std=CL1.2,1024,3.34343
myGEMM.cl, 1, 8,-cl-std=CL1.2,2048,27.26325
myGEMM.cl, 1, 8,-cl-std=CL1.2,512,0.41964
myGEMM.cl, 1, 8,-cl-std=CL1.2,1024,3.34500
myGEMM.cl, 1, 8,-cl-std=CL1.2,2048,27.12262
myGEMM.cl, 1, 8,-cl-std=CL1.2,512,0.41377
myGEMM.cl, 1, 8,-cl-std=CL1.2,1024,3.39235
myGEMM.cl, 1, 8,-cl-std=CL1.2,2048,27.12098
myGEMM.cl, 1, 8,-cl-std=CL1.2,512,0.42339
myGEMM.cl, 1, 8,-cl-std=CL1.2,1024,3.40832
myGEMM.cl, 1, 8,-cl-std=CL1.2,2048,27.15903
myGEMM.cl, 1, 8,-cl-std=CL1.2,512,0.42448
myGEMM.cl, 1, 8,-cl-std=CL1.2,1024,3.32729
myGEMM.cl, 1, 8,-cl-std=CL1.2,2048,27.36762
myGEMM.cl, 1, 8,-cl-std=CL1.2,512,0.42511
myGEMM.cl, 1, 8,-cl-std=CL1.2,1024,3.36777
myGEMM.cl, 1, 8,-cl-std=CL1.2,2048,27.29350
myGEMM.cl, 1, 8,-cl-std=CL1.2,512,0.43594
myGEMM.cl, 1, 8,-cl-std=CL1.2,1024,3.35302
myGEMM.cl, 1, 8,-cl-std=CL1.2,2048,27.09794
myGEMM.cl, 1, 8,-cl-std=CL1.2,512,0.42190
myGEMM.cl, 1, 8,-cl-std=CL1.2,1024,3.37251
myGEMM.cl, 1, 8,-cl-std=CL1.2,2048,27.32745
myGEMM.cl, 1, 8,-cl-std=CL1.2,512,0.41788
myGEMM.cl, 1, 8,-cl-std=CL1.2,1024,3.40588
myGEMM.cl, 1, 8,-cl-std=CL1.2,2048,27.14746
myGEMM.cl, 1, 8,-cl-std=CL1.2,512,0.41887
myGEMM.cl, 1, 8,-cl-std=CL1.2,1024,3.39338
myGEMM.cl, 1, 8,-cl-std=CL1.2,2048,27.26841
myGEMM.cl, 1, 8,-cl-std=CL1.2,512,0.42501
myGEMM.cl, 1, 8,-cl-std=CL1.2,1024,3.38815
myGEMM.cl, 1, 8,-cl-std=CL1.2,2048,27.44581
myGEMM.cl, 1, 8,-cl-std=CL1.2,512,0.42615
myGEMM.cl, 1, 8,-cl-std=CL1.2,1024,3.30613
myGEMM.cl, 1, 8,-cl-std=CL1.2,2048,27.00678
myGEMM.cl, 1, 8,-cl-std=CL1.2,512,0.41473
myGEMM.cl, 1, 8,-cl-std=CL1.2,1024,3.36893
myGEMM.cl, 1, 8,-cl-std=CL1.2,2048,26.99743
myGEMM.cl, 1, 8,-cl-std=CL1.2,512,0.42889
myGEMM.cl, 1, 8,-cl-std=CL1.2,1024,3.31939
myGEMM.cl, 1, 8,-cl-std=CL1.2,2048,27.06757
myGEMM.cl, 1, 8,-cl-std=CL1.2,512,0.42104
myGEMM.cl, 1, 8,-cl-std=CL1.2,1024,3.31504
myGEMM.cl, 1, 8,-cl-std=CL1.2,2048,27.11853
myGEMM.cl, 1, 8,-cl-std=CL1.2,512,0.41825
myGEMM.cl, 1, 8,-cl-std=CL1.2,1024,3.35654
myGEMM.cl, 1, 8,-cl-std=CL1.2,2048,26.95413
myGEMM.cl, 1, 8,-cl-std=CL1.2,512,0.39972
myGEMM.cl, 1, 8,-cl-std=CL1.2,1024,3.34363
myGEMM.cl, 1, 8,-cl-std=CL1.2,2048,27.38776
myGEMM.cl, 1, 8,-cl-std=CL1.2,512,0.41515
myGEMM.cl, 1, 8,-cl-std=CL1.2,1024,3.37379
myGEMM.cl, 1, 8,-cl-std=CL1.2,2048,27.26611
myGEMM.cl, 1, 8,-cl-std=CL1.2,512,0.42226
myGEMM.cl, 1, 8,-cl-std=CL1.2,1024,3.30273
myGEMM.cl, 1, 8,-cl-std=CL1.2,2048,27.35625
myGEMM.cl, 1, 8,-cl-std=CL1.2,512,0.43169
myGEMM.cl, 1, 8,-cl-std=CL1.2,1024,3.40610
myGEMM.cl, 1, 8,-cl-std=CL1.2,2048,27.16061
myGEMM.cl, 1, 8,-cl-std=CL1.2,512,0.44278
myGEMM.cl, 1, 8,-cl-std=CL1.2,1024,3.37122
myGEMM.cl, 1, 8,-cl-std=CL1.2,2048,27.16953
myGEMM.cl, 1, 8,-cl-std=CL1.2,512,0.41688
myGEMM.cl, 1, 8,-cl-std=CL1.2,1024,3.32862
myGEMM.cl, 1, 8,-cl-std=CL1.2,2048,27.04422
myGEMM.cl, 1, 8,-cl-std=CL1.2,512,0.41835
myGEMM.cl, 1, 8,-cl-std=CL1.2,1024,3.36905
myGEMM.cl, 1, 8,-cl-std=CL1.2,2048,27.05796
myGEMM.cl, 1, 8,-cl-std=CL1.2,512,0.42275
myGEMM.cl, 1, 8,-cl-std=CL1.2,1024,3.37251
myGEMM.cl, 1, 8,-cl-std=CL1.2,2048,26.97527
myGEMM.cl, 1, 8,-cl-std=CL1.2,512,0.42477
myGEMM.cl, 1, 8,-cl-std=CL1.2,1024,3.36506
myGEMM.cl, 1, 8,-cl-std=CL1.2,2048,27.05528
myGEMM.cl, 1, 8,-cl-std=CL1.2,512,0.43063
myGEMM.cl, 1, 8,-cl-std=CL1.2,1024,3.45154
myGEMM.cl, 1, 8,-cl-std=CL1.2,2048,27.21260
myGEMM.cl, 1, 8,-cl-std=CL1.2,512,0.41327
myGEMM.cl, 1, 8,-cl-std=CL1.2,1024,3.30840
myGEMM.cl, 1, 8,-cl-std=CL1.2,2048,27.29009
myGEMM.cl, 1, 8,-cl-std=CL1.2,512,0.42422
myGEMM.cl, 1, 8,-cl-std=CL1.2,1024,3.43492
myGEMM.cl, 1, 8,-cl-std=CL1.2,2048,27.26764
myGEMM.cl, 1, 8,-cl-std=CL1.2,512,0.41824
myGEMM.cl, 1, 8,-cl-std=CL1.2,1024,3.33444
myGEMM.cl, 1, 8,-cl-std=CL1.2,2048,27.14517
myGEMM.cl, 1, 8,-cl-std=CL1.2,512,0.42121
myGEMM.cl, 1, 8,-cl-std=CL1.2,1024,3.35855
myGEMM.cl, 1, 8,-cl-std=CL1.2,2048,27.09833
myGEMM.cl, 1, 8,-cl-std=CL1.2,512,0.42288
myGEMM.cl, 1, 8,-cl-std=CL1.2,1024,3.31223
myGEMM.cl, 1, 8,-cl-std=CL1.2,2048,27.26269
myGEMM.cl, 1, 8,-cl-std=CL1.2,512,0.42275
myGEMM.cl, 1, 8,-cl-std=CL1.2,1024,3.35612
myGEMM.cl, 1, 8,-cl-std=CL1.2,2048,27.22267
myGEMM.cl, 1, 8,-cl-std=CL1.2,512,0.41656
myGEMM.cl, 1, 8,-cl-std=CL1.2,1024,3.37485
myGEMM.cl, 1, 8,-cl-std=CL1.2,2048,27.09893
myGEMM.cl, 1, 8,-cl-std=CL1.2,512,0.43309
myGEMM.cl, 1, 8,-cl-std=CL1.2,1024,3.38429
myGEMM.cl, 1, 8,-cl-std=CL1.2,2048,27.26602
myGEMM.cl, 1, 8,-cl-std=CL1.2,512,0.41181
myGEMM.cl, 1, 8,-cl-std=CL1.2,1024,3.42744
myGEMM.cl, 1, 8,-cl-std=CL1.2,2048,27.29737
myGEMM.cl, 1, 8,-cl-std=CL1.2,512,0.43118
myGEMM.cl, 1, 8,-cl-std=CL1.2,1024,3.37623
myGEMM.cl, 1, 8,-cl-std=CL1.2,2048,27.19432
myGEMM.cl, 1, 8,-cl-std=CL1.2,512,0.41631
myGEMM.cl, 1, 8,-cl-std=CL1.2,1024,3.32074
myGEMM.cl, 1, 8,-cl-std=CL1.2,2048,27.13367
myGEMM.cl, 1, 8,-cl-std=CL1.2,512,0.42463
myGEMM.cl, 1, 8,-cl-std=CL1.2,1024,3.33764
myGEMM.cl, 1, 8,-cl-std=CL1.2,2048,27.19022
myGEMM.cl, 1, 8,-cl-std=CL1.2,512,0.42958
myGEMM.cl, 1, 8,-cl-std=CL1.2,1024,3.35016
myGEMM.cl, 1, 8,-cl-std=CL1.2,2048,27.32200
myGEMM.cl, 1, 8,-cl-std=CL1.2,512,0.43191
myGEMM.cl, 1, 8,-cl-std=CL1.2,1024,3.32785
myGEMM.cl, 1, 8,-cl-std=CL1.2,2048,27.28821
myGEMM.cl, 1, 8,-cl-std=CL1.2,512,0.41413
myGEMM.cl, 1, 8,-cl-std=CL1.2,1024,3.33842
myGEMM.cl, 1, 8,-cl-std=CL1.2,2048,27.11638
myGEMM.cl, 1, 8,-cl-std=CL1.2,512,0.42221
myGEMM.cl, 1, 8,-cl-std=CL1.2,1024,3.45107
myGEMM.cl, 1, 8,-cl-std=CL1.2,2048,27.25946
myGEMM.cl, 1, 8,-cl-std=CL1.2,512,0.41522
myGEMM.cl, 1, 8,-cl-std=CL1.2,1024,3.42830
myGEMM.cl, 1, 8,-cl-std=CL1.2,2048,27.40258
myGEMM.cl, 1, 8,-cl-std=CL1.2,512,0.41943
myGEMM.cl, 1, 8,-cl-std=CL1.2,1024,3.28984
myGEMM.cl, 1, 8,-cl-std=CL1.2,2048,27.28362
myGEMM.cl, 1, 8,-cl-std=CL1.2,512,0.42324
myGEMM.cl, 1, 8,-cl-std=CL1.2,1024,3.32811
myGEMM.cl, 1, 8,-cl-std=CL1.2,2048,27.26700
myGEMM.cl, 1, 8,-cl-std=CL1.2,512,0.42676
myGEMM.cl, 1, 8,-cl-std=CL1.2,1024,3.30010
myGEMM.cl, 1, 8,-cl-std=CL1.2,2048,27.15659
myGEMM.cl, 1,16,-cl-std=CL1.2,512,0.41155
myGEMM.cl, 1,16,-cl-std=CL1.2,1024,3.31335
myGEMM.cl, 1,16,-cl-std=CL1.2,2048,27.08853
myGEMM.cl, 1,16,-cl-std=CL1.2,512,0.44779
myGEMM.cl, 1,16,-cl-std=CL1.2,1024,3.50054
myGEMM.cl, 1,16,-cl-std=CL1.2,2048,27.85856
myGEMM.cl, 1,16,-cl-std=CL1.2,512,0.42919
myGEMM.cl, 1,16,-cl-std=CL1.2,1024,3.57273
myGEMM.cl, 1,16,-cl-std=CL1.2,2048,28.21480
myGEMM.cl, 1,16,-cl-std=CL1.2,512,0.43428
myGEMM.cl, 1,16,-cl-std=CL1.2,1024,3.50805
myGEMM.cl, 1,16,-cl-std=CL1.2,2048,28.26800
myGEMM.cl, 1,16,-cl-std=CL1.2,512,0.44246
myGEMM.cl, 1,16,-cl-std=CL1.2,1024,3.43994
myGEMM.cl, 1,16,-cl-std=CL1.2,2048,28.66662
myGEMM.cl, 1,16,-cl-std=CL1.2,512,0.43577
myGEMM.cl, 1,16,-cl-std=CL1.2,1024,3.48162
myGEMM.cl, 1,16,-cl-std=CL1.2,2048,28.26314
myGEMM.cl, 1,16,-cl-std=CL1.2,512,0.42876
myGEMM.cl, 1,16,-cl-std=CL1.2,1024,3.51940
myGEMM.cl, 1,16,-cl-std=CL1.2,2048,28.18937
myGEMM.cl, 1,16,-cl-std=CL1.2,512,0.42891
myGEMM.cl, 1,16,-cl-std=CL1.2,1024,3.46688
myGEMM.cl, 1,16,-cl-std=CL1.2,2048,27.91777
myGEMM.cl, 1,16,-cl-std=CL1.2,512,0.44021
myGEMM.cl, 1,16,-cl-std=CL1.2,1024,3.52965
myGEMM.cl, 1,16,-cl-std=CL1.2,2048,27.83746
myGEMM.cl, 1,16,-cl-std=CL1.2,512,0.44031
myGEMM.cl, 1,16,-cl-std=CL1.2,1024,3.55499
myGEMM.cl, 1,16,-cl-std=CL1.2,2048,27.93147
myGEMM.cl, 1,16,-cl-std=CL1.2,512,0.43761
myGEMM.cl, 1,16,-cl-std=CL1.2,1024,3.48785
myGEMM.cl, 1,16,-cl-std=CL1.2,2048,28.79243
myGEMM.cl, 1,16,-cl-std=CL1.2,512,0.45236
myGEMM.cl, 1,16,-cl-std=CL1.2,1024,3.46703
myGEMM.cl, 1,16,-cl-std=CL1.2,2048,27.79746
myGEMM.cl, 1,16,-cl-std=CL1.2,512,0.42685
myGEMM.cl, 1,16,-cl-std=CL1.2,1024,3.50794
myGEMM.cl, 1,16,-cl-std=CL1.2,2048,28.08687
myGEMM.cl, 1,16,-cl-std=CL1.2,512,0.43598
myGEMM.cl, 1,16,-cl-std=CL1.2,1024,3.54110
myGEMM.cl, 1,16,-cl-std=CL1.2,2048,28.34687
myGEMM.cl, 1,16,-cl-std=CL1.2,512,0.43277
myGEMM.cl, 1,16,-cl-std=CL1.2,1024,3.50252
myGEMM.cl, 1,16,-cl-std=CL1.2,2048,28.20062
myGEMM.cl, 1,16,-cl-std=CL1.2,512,0.43210
myGEMM.cl, 1,16,-cl-std=CL1.2,1024,3.54829
myGEMM.cl, 1,16,-cl-std=CL1.2,2048,28.04419
myGEMM.cl, 1,16,-cl-std=CL1.2,512,0.43637
myGEMM.cl, 1,16,-cl-std=CL1.2,1024,3.59802
myGEMM.cl, 1,16,-cl-std=CL1.2,2048,28.02903
myGEMM.cl, 1,16,-cl-std=CL1.2,512,0.44778
myGEMM.cl, 1,16,-cl-std=CL1.2,1024,3.49265
myGEMM.cl, 1,16,-cl-std=CL1.2,2048,28.48540
myGEMM.cl, 1,16,-cl-std=CL1.2,512,0.43074
myGEMM.cl, 1,16,-cl-std=CL1.2,1024,3.46360
myGEMM.cl, 1,16,-cl-std=CL1.2,2048,28.13951
myGEMM.cl, 1,16,-cl-std=CL1.2,512,0.43237
myGEMM.cl, 1,16,-cl-std=CL1.2,1024,3.51430
myGEMM.cl, 1,16,-cl-std=CL1.2,2048,28.32975
myGEMM.cl, 1,16,-cl-std=CL1.2,512,0.45003
myGEMM.cl, 1,16,-cl-std=CL1.2,1024,3.46321
myGEMM.cl, 1,16,-cl-std=CL1.2,2048,29.13291
myGEMM.cl, 1,16,-cl-std=CL1.2,512,0.43777
myGEMM.cl, 1,16,-cl-std=CL1.2,1024,3.53960
myGEMM.cl, 1,16,-cl-std=CL1.2,2048,28.14832
myGEMM.cl, 1,16,-cl-std=CL1.2,512,0.42785
myGEMM.cl, 1,16,-cl-std=CL1.2,1024,3.50688
myGEMM.cl, 1,16,-cl-std=CL1.2,2048,28.85540
myGEMM.cl, 1,16,-cl-std=CL1.2,512,0.42816
myGEMM.cl, 1,16,-cl-std=CL1.2,1024,3.55320
myGEMM.cl, 1,16,-cl-std=CL1.2,2048,29.40287
myGEMM.cl, 1,16,-cl-std=CL1.2,512,0.44138
myGEMM.cl, 1,16,-cl-std=CL1.2,1024,3.57182
myGEMM.cl, 1,16,-cl-std=CL1.2,2048,28.96971
myGEMM.cl, 1,16,-cl-std=CL1.2,512,0.44760
myGEMM.cl, 1,16,-cl-std=CL1.2,1024,3.45853
myGEMM.cl, 1,16,-cl-std=CL1.2,2048,28.01652
myGEMM.cl, 1,16,-cl-std=CL1.2,512,0.43066
myGEMM.cl, 1,16,-cl-std=CL1.2,1024,3.47826
myGEMM.cl, 1,16,-cl-std=CL1.2,2048,27.90395
myGEMM.cl, 1,16,-cl-std=CL1.2,512,0.43050
myGEMM.cl, 1,16,-cl-std=CL1.2,1024,3.50390
myGEMM.cl, 1,16,-cl-std=CL1.2,2048,28.06309
myGEMM.cl, 1,16,-cl-std=CL1.2,512,0.43026
myGEMM.cl, 1,16,-cl-std=CL1.2,1024,3.50526
myGEMM.cl, 1,16,-cl-std=CL1.2,2048,27.98676
myGEMM.cl, 1,16,-cl-std=CL1.2,512,0.43044
myGEMM.cl, 1,16,-cl-std=CL1.2,1024,3.47023
myGEMM.cl, 1,16,-cl-std=CL1.2,2048,28.19409
myGEMM.cl, 1,16,-cl-std=CL1.2,512,0.44850
myGEMM.cl, 1,16,-cl-std=CL1.2,1024,3.52981
myGEMM.cl, 1,16,-cl-std=CL1.2,2048,28.28781
myGEMM.cl, 1,16,-cl-std=CL1.2,512,0.44979
myGEMM.cl, 1,16,-cl-std=CL1.2,1024,3.46339
myGEMM.cl, 1,16,-cl-std=CL1.2,2048,27.96015
myGEMM.cl, 1,16,-cl-std=CL1.2,512,0.44816
myGEMM.cl, 1,16,-cl-std=CL1.2,1024,3.54870
myGEMM.cl, 1,16,-cl-std=CL1.2,2048,28.18506
myGEMM.cl, 1,16,-cl-std=CL1.2,512,0.44763
myGEMM.cl, 1,16,-cl-std=CL1.2,1024,3.47123
myGEMM.cl, 1,16,-cl-std=CL1.2,2048,27.88334
myGEMM.cl, 1,16,-cl-std=CL1.2,512,0.44824
myGEMM.cl, 1,16,-cl-std=CL1.2,1024,3.46265
myGEMM.cl, 1,16,-cl-std=CL1.2,2048,27.89386
myGEMM.cl, 1,16,-cl-std=CL1.2,512,0.42971
myGEMM.cl, 1,16,-cl-std=CL1.2,1024,3.62589
myGEMM.cl, 1,16,-cl-std=CL1.2,2048,28.52137
myGEMM.cl, 1,16,-cl-std=CL1.2,512,0.45244
myGEMM.cl, 1,16,-cl-std=CL1.2,1024,3.45032
myGEMM.cl, 1,16,-cl-std=CL1.2,2048,28.15711
myGEMM.cl, 1,16,-cl-std=CL1.2,512,0.44834
myGEMM.cl, 1,16,-cl-std=CL1.2,1024,3.47044
myGEMM.cl, 1,16,-cl-std=CL1.2,2048,28.04674
myGEMM.cl, 1,16,-cl-std=CL1.2,512,0.43550
myGEMM.cl, 1,16,-cl-std=CL1.2,1024,3.44849
myGEMM.cl, 1,16,-cl-std=CL1.2,2048,27.86307
myGEMM.cl, 1,16,-cl-std=CL1.2,512,0.43202
myGEMM.cl, 1,16,-cl-std=CL1.2,1024,3.47873
myGEMM.cl, 1,16,-cl-std=CL1.2,2048,28.05052
myGEMM.cl, 1,16,-cl-std=CL1.2,512,0.44022
myGEMM.cl, 1,16,-cl-std=CL1.2,1024,3.49746
myGEMM.cl, 1,16,-cl-std=CL1.2,2048,27.92028
myGEMM.cl, 1,16,-cl-std=CL1.2,512,0.43431
myGEMM.cl, 1,16,-cl-std=CL1.2,1024,3.47088
myGEMM.cl, 1,16,-cl-std=CL1.2,2048,28.15552
myGEMM.cl, 1,16,-cl-std=CL1.2,512,0.43303
myGEMM.cl, 1,16,-cl-std=CL1.2,1024,3.52205
myGEMM.cl, 1,16,-cl-std=CL1.2,2048,28.12325
myGEMM.cl, 1,16,-cl-std=CL1.2,512,0.44303
myGEMM.cl, 1,16,-cl-std=CL1.2,1024,3.61365
myGEMM.cl, 1,16,-cl-std=CL1.2,2048,27.85285
myGEMM.cl, 1,16,-cl-std=CL1.2,512,0.43283
myGEMM.cl, 1,16,-cl-std=CL1.2,1024,3.52439
myGEMM.cl, 1,16,-cl-std=CL1.2,2048,28.16562
myGEMM.cl, 1,16,-cl-std=CL1.2,512,0.43524
myGEMM.cl, 1,16,-cl-std=CL1.2,1024,3.48993
myGEMM.cl, 1,16,-cl-std=CL1.2,2048,28.38272
myGEMM.cl, 1,16,-cl-std=CL1.2,512,0.44647
myGEMM.cl, 1,16,-cl-std=CL1.2,1024,3.49064
myGEMM.cl, 1,16,-cl-std=CL1.2,2048,28.44527
myGEMM.cl, 1,16,-cl-std=CL1.2,512,0.43079
myGEMM.cl, 1,16,-cl-std=CL1.2,1024,3.58188
myGEMM.cl, 1,16,-cl-std=CL1.2,2048,28.24861
myGEMM.cl, 1,16,-cl-std=CL1.2,512,0.42982
myGEMM.cl, 1,16,-cl-std=CL1.2,1024,3.61929
myGEMM.cl, 1,16,-cl-std=CL1.2,2048,27.73567
myGEMM.cl, 1,16,-cl-std=CL1.2,512,0.44735
myGEMM.cl, 1,16,-cl-std=CL1.2,1024,3.46966
myGEMM.cl, 1,16,-cl-std=CL1.2,2048,28.01519
