myGEMM.cu, 1, 4,-cl-std=CL1.2,256,0.00057
myGEMM.cl, 1, 4,-cl-std=CL1.2,256,0.00050
myGEMM.cu, 1, 4,-cl-std=CL1.2,512,0.00381
myGEMM.cl, 1, 4,-cl-std=CL1.2,512,0.00386
myGEMM.cu, 1, 4,-cl-std=CL1.2,1024,0.03439
myGEMM.cl, 1, 4,-cl-std=CL1.2,1024,0.03458
myGEMM.cu, 1, 4,-cl-std=CL1.2,2048,0.26654
myGEMM.cl, 1, 4,-cl-std=CL1.2,2048,0.26359
myGEMM.cu, 1, 4,-cl-std=CL1.2,256,0.00055
myGEMM.cl, 1, 4,-cl-std=CL1.2,256,0.00049
myGEMM.cu, 1, 4,-cl-std=CL1.2,512,0.00382
myGEMM.cl, 1, 4,-cl-std=CL1.2,512,0.00382
myGEMM.cu, 1, 4,-cl-std=CL1.2,1024,0.03438
myGEMM.cl, 1, 4,-cl-std=CL1.2,1024,0.03448
myGEMM.cu, 1, 4,-cl-std=CL1.2,2048,0.26592
myGEMM.cl, 1, 4,-cl-std=CL1.2,2048,0.26428
myGEMM.cu, 1, 4,-cl-std=CL1.2,256,0.00055
myGEMM.cl, 1, 4,-cl-std=CL1.2,256,0.00051
myGEMM.cu, 1, 4,-cl-std=CL1.2,512,0.00382
myGEMM.cl, 1, 4,-cl-std=CL1.2,512,0.00377
myGEMM.cu, 1, 4,-cl-std=CL1.2,1024,0.03386
myGEMM.cl, 1, 4,-cl-std=CL1.2,1024,0.03321
myGEMM.cu, 1, 4,-cl-std=CL1.2,2048,0.26821
myGEMM.cl, 1, 4,-cl-std=CL1.2,2048,0.26573
myGEMM.cu, 1, 4,-cl-std=CL1.2,256,0.00066
myGEMM.cl, 1, 4,-cl-std=CL1.2,256,0.00048
myGEMM.cu, 1, 4,-cl-std=CL1.2,512,0.00379
myGEMM.cl, 1, 4,-cl-std=CL1.2,512,0.00380
myGEMM.cu, 1, 4,-cl-std=CL1.2,1024,0.03373
myGEMM.cl, 1, 4,-cl-std=CL1.2,1024,0.03458
myGEMM.cu, 1, 4,-cl-std=CL1.2,2048,0.26682
myGEMM.cl, 1, 4,-cl-std=CL1.2,2048,0.26534
myGEMM.cu, 1, 4,-cl-std=CL1.2,256,0.00057
myGEMM.cl, 1, 4,-cl-std=CL1.2,256,0.00049
myGEMM.cu, 1, 4,-cl-std=CL1.2,512,0.00388
myGEMM.cl, 1, 4,-cl-std=CL1.2,512,0.00388
myGEMM.cu, 1, 4,-cl-std=CL1.2,1024,0.03491
myGEMM.cl, 1, 4,-cl-std=CL1.2,1024,0.03500
myGEMM.cu, 1, 4,-cl-std=CL1.2,2048,0.26635
myGEMM.cl, 1, 4,-cl-std=CL1.2,2048,0.26677
myGEMM.cu, 1, 4,-cl-std=CL1.2,256,0.00055
myGEMM.cl, 1, 4,-cl-std=CL1.2,256,0.00049
myGEMM.cu, 1, 4,-cl-std=CL1.2,512,0.00388
myGEMM.cl, 1, 4,-cl-std=CL1.2,512,0.00388
myGEMM.cu, 1, 4,-cl-std=CL1.2,1024,0.03444
myGEMM.cl, 1, 4,-cl-std=CL1.2,1024,0.03484
myGEMM.cu, 1, 4,-cl-std=CL1.2,2048,0.26592
myGEMM.cl, 1, 4,-cl-std=CL1.2,2048,0.26477
myGEMM.cu, 1, 4,-cl-std=CL1.2,256,0.00075
myGEMM.cl, 1, 4,-cl-std=CL1.2,256,0.00064
myGEMM.cu, 1, 4,-cl-std=CL1.2,512,0.00503
myGEMM.cl, 1, 4,-cl-std=CL1.2,512,0.00499
myGEMM.cu, 1, 4,-cl-std=CL1.2,1024,0.04337
myGEMM.cl, 1, 4,-cl-std=CL1.2,1024,0.04285
myGEMM.cu, 1, 4,-cl-std=CL1.2,2048,0.29209
myGEMM.cl, 1, 4,-cl-std=CL1.2,2048,0.26719
myGEMM.cu, 1, 4,-cl-std=CL1.2,256,0.00060
myGEMM.cl, 1, 4,-cl-std=CL1.2,256,0.00049
myGEMM.cu, 1, 4,-cl-std=CL1.2,512,0.00393
myGEMM.cl, 1, 4,-cl-std=CL1.2,512,0.00388
myGEMM.cu, 1, 4,-cl-std=CL1.2,1024,0.03498
myGEMM.cl, 1, 4,-cl-std=CL1.2,1024,0.03420
myGEMM.cu, 1, 4,-cl-std=CL1.2,2048,0.26781
myGEMM.cl, 1, 4,-cl-std=CL1.2,2048,0.26567
myGEMM.cu, 1, 4,-cl-std=CL1.2,256,0.00056
myGEMM.cl, 1, 4,-cl-std=CL1.2,256,0.00048
myGEMM.cu, 1, 4,-cl-std=CL1.2,512,0.00381
myGEMM.cl, 1, 4,-cl-std=CL1.2,512,0.00382
myGEMM.cu, 1, 4,-cl-std=CL1.2,1024,0.03392
myGEMM.cl, 1, 4,-cl-std=CL1.2,1024,0.03323
myGEMM.cu, 1, 4,-cl-std=CL1.2,2048,0.26786
myGEMM.cl, 1, 4,-cl-std=CL1.2,2048,0.26505
myGEMM.cu, 1, 4,-cl-std=CL1.2,256,0.00060
myGEMM.cl, 1, 4,-cl-std=CL1.2,256,0.00049
myGEMM.cu, 1, 4,-cl-std=CL1.2,512,0.00386
myGEMM.cl, 1, 4,-cl-std=CL1.2,512,0.00390
myGEMM.cu, 1, 4,-cl-std=CL1.2,1024,0.03347
myGEMM.cl, 1, 4,-cl-std=CL1.2,1024,0.03463
myGEMM.cu, 1, 4,-cl-std=CL1.2,2048,0.26727
myGEMM.cl, 1, 4,-cl-std=CL1.2,2048,0.26556
myGEMM.cu, 1, 4,-cl-std=CL1.2,256,0.00057
myGEMM.cl, 1, 4,-cl-std=CL1.2,256,0.00050
myGEMM.cu, 1, 4,-cl-std=CL1.2,512,0.00377
myGEMM.cl, 1, 4,-cl-std=CL1.2,512,0.00379
myGEMM.cu, 1, 4,-cl-std=CL1.2,1024,0.03317
myGEMM.cl, 1, 4,-cl-std=CL1.2,1024,0.03425
myGEMM.cu, 1, 4,-cl-std=CL1.2,2048,0.26588
myGEMM.cl, 1, 4,-cl-std=CL1.2,2048,0.26682
myGEMM.cu, 1, 4,-cl-std=CL1.2,256,0.00057
myGEMM.cl, 1, 4,-cl-std=CL1.2,256,0.00050
myGEMM.cu, 1, 4,-cl-std=CL1.2,512,0.00388
myGEMM.cl, 1, 4,-cl-std=CL1.2,512,0.00386
myGEMM.cu, 1, 4,-cl-std=CL1.2,1024,0.03458
myGEMM.cl, 1, 4,-cl-std=CL1.2,1024,0.03452
myGEMM.cu, 1, 4,-cl-std=CL1.2,2048,0.26703
myGEMM.cl, 1, 4,-cl-std=CL1.2,2048,0.26600
myGEMM.cu, 1, 4,-cl-std=CL1.2,256,0.00055
myGEMM.cl, 1, 4,-cl-std=CL1.2,256,0.00050
myGEMM.cu, 1, 4,-cl-std=CL1.2,512,0.00381
myGEMM.cl, 1, 4,-cl-std=CL1.2,512,0.00376
myGEMM.cu, 1, 4,-cl-std=CL1.2,1024,0.03398
myGEMM.cl, 1, 4,-cl-std=CL1.2,1024,0.03370
myGEMM.cu, 1, 4,-cl-std=CL1.2,2048,0.26757
myGEMM.cl, 1, 4,-cl-std=CL1.2,2048,0.26594
myGEMM.cu, 1, 4,-cl-std=CL1.2,256,0.00067
myGEMM.cl, 1, 4,-cl-std=CL1.2,256,0.00049
myGEMM.cu, 1, 4,-cl-std=CL1.2,512,0.00386
myGEMM.cl, 1, 4,-cl-std=CL1.2,512,0.00380
myGEMM.cu, 1, 4,-cl-std=CL1.2,1024,0.03382
myGEMM.cl, 1, 4,-cl-std=CL1.2,1024,0.03381
myGEMM.cu, 1, 4,-cl-std=CL1.2,2048,0.26811
myGEMM.cl, 1, 4,-cl-std=CL1.2,2048,0.26841
myGEMM.cu, 1, 4,-cl-std=CL1.2,256,0.00057
myGEMM.cl, 1, 4,-cl-std=CL1.2,256,0.00050
myGEMM.cu, 1, 4,-cl-std=CL1.2,512,0.00397
myGEMM.cl, 1, 4,-cl-std=CL1.2,512,0.00388
myGEMM.cu, 1, 4,-cl-std=CL1.2,1024,0.03449
myGEMM.cl, 1, 4,-cl-std=CL1.2,1024,0.03487
myGEMM.cu, 1, 4,-cl-std=CL1.2,2048,0.26749
myGEMM.cl, 1, 4,-cl-std=CL1.2,2048,0.26474
myGEMM.cu, 1, 4,-cl-std=CL1.2,256,0.00072
myGEMM.cl, 1, 4,-cl-std=CL1.2,256,0.00065
myGEMM.cu, 1, 4,-cl-std=CL1.2,512,0.00504
myGEMM.cl, 1, 4,-cl-std=CL1.2,512,0.00499
myGEMM.cu, 1, 4,-cl-std=CL1.2,1024,0.03780
myGEMM.cl, 1, 4,-cl-std=CL1.2,1024,0.04252
myGEMM.cu, 1, 4,-cl-std=CL1.2,2048,0.30008
myGEMM.cl, 1, 4,-cl-std=CL1.2,2048,0.27206
myGEMM.cu, 1, 4,-cl-std=CL1.2,256,0.00061
myGEMM.cl, 1, 4,-cl-std=CL1.2,256,0.00051
myGEMM.cu, 1, 4,-cl-std=CL1.2,512,0.00383
myGEMM.cl, 1, 4,-cl-std=CL1.2,512,0.00384
myGEMM.cu, 1, 4,-cl-std=CL1.2,1024,0.03363
myGEMM.cl, 1, 4,-cl-std=CL1.2,1024,0.03478
myGEMM.cu, 1, 4,-cl-std=CL1.2,2048,0.27000
myGEMM.cl, 1, 4,-cl-std=CL1.2,2048,0.26739
myGEMM.cu, 1, 4,-cl-std=CL1.2,256,0.00057
myGEMM.cl, 1, 4,-cl-std=CL1.2,256,0.00050
myGEMM.cu, 1, 4,-cl-std=CL1.2,512,0.00389
myGEMM.cl, 1, 4,-cl-std=CL1.2,512,0.00386
myGEMM.cu, 1, 4,-cl-std=CL1.2,1024,0.03497
myGEMM.cl, 1, 4,-cl-std=CL1.2,1024,0.03529
myGEMM.cu, 1, 4,-cl-std=CL1.2,2048,0.26769
myGEMM.cl, 1, 4,-cl-std=CL1.2,2048,0.26664
myGEMM.cu, 1, 4,-cl-std=CL1.2,256,0.00058
myGEMM.cl, 1, 4,-cl-std=CL1.2,256,0.00050
myGEMM.cu, 1, 4,-cl-std=CL1.2,512,0.00382
myGEMM.cl, 1, 4,-cl-std=CL1.2,512,0.00385
myGEMM.cu, 1, 4,-cl-std=CL1.2,1024,0.03413
myGEMM.cl, 1, 4,-cl-std=CL1.2,1024,0.03415
myGEMM.cu, 1, 4,-cl-std=CL1.2,2048,0.26698
myGEMM.cl, 1, 4,-cl-std=CL1.2,2048,0.26710
myGEMM.cu, 1, 4,-cl-std=CL1.2,256,0.00059
myGEMM.cl, 1, 4,-cl-std=CL1.2,256,0.00051
myGEMM.cu, 1, 4,-cl-std=CL1.2,512,0.00394
myGEMM.cl, 1, 4,-cl-std=CL1.2,512,0.00393
myGEMM.cu, 1, 4,-cl-std=CL1.2,1024,0.03425
myGEMM.cl, 1, 4,-cl-std=CL1.2,1024,0.03499
myGEMM.cu, 1, 4,-cl-std=CL1.2,2048,0.26708
myGEMM.cl, 1, 4,-cl-std=CL1.2,2048,0.26842
myGEMM.cu, 1, 4,-cl-std=CL1.2,256,0.00055
myGEMM.cl, 1, 4,-cl-std=CL1.2,256,0.00048
myGEMM.cu, 1, 4,-cl-std=CL1.2,512,0.00378
myGEMM.cl, 1, 4,-cl-std=CL1.2,512,0.00381
myGEMM.cu, 1, 4,-cl-std=CL1.2,1024,0.03467
myGEMM.cl, 1, 4,-cl-std=CL1.2,1024,0.03472
myGEMM.cu, 1, 4,-cl-std=CL1.2,2048,0.26703
myGEMM.cl, 1, 4,-cl-std=CL1.2,2048,0.26689
myGEMM.cu, 1, 4,-cl-std=CL1.2,256,0.00057
myGEMM.cl, 1, 4,-cl-std=CL1.2,256,0.00048
myGEMM.cu, 1, 4,-cl-std=CL1.2,512,0.00382
myGEMM.cl, 1, 4,-cl-std=CL1.2,512,0.00380
myGEMM.cu, 1, 4,-cl-std=CL1.2,1024,0.03445
myGEMM.cl, 1, 4,-cl-std=CL1.2,1024,0.03429
myGEMM.cu, 1, 4,-cl-std=CL1.2,2048,0.26753
myGEMM.cl, 1, 4,-cl-std=CL1.2,2048,0.26689
myGEMM.cu, 1, 4,-cl-std=CL1.2,256,0.00056
myGEMM.cl, 1, 4,-cl-std=CL1.2,256,0.00050
myGEMM.cu, 1, 4,-cl-std=CL1.2,512,0.00387
myGEMM.cl, 1, 4,-cl-std=CL1.2,512,0.00381
myGEMM.cu, 1, 4,-cl-std=CL1.2,1024,0.03401
myGEMM.cl, 1, 4,-cl-std=CL1.2,1024,0.03393
myGEMM.cu, 1, 4,-cl-std=CL1.2,2048,0.27118
myGEMM.cl, 1, 4,-cl-std=CL1.2,2048,0.26722
myGEMM.cu, 1, 4,-cl-std=CL1.2,256,0.00057
myGEMM.cl, 1, 4,-cl-std=CL1.2,256,0.00051
myGEMM.cu, 1, 4,-cl-std=CL1.2,512,0.00382
myGEMM.cl, 1, 4,-cl-std=CL1.2,512,0.00383
myGEMM.cu, 1, 4,-cl-std=CL1.2,1024,0.03402
myGEMM.cl, 1, 4,-cl-std=CL1.2,1024,0.03384
myGEMM.cu, 1, 4,-cl-std=CL1.2,2048,0.26724
myGEMM.cl, 1, 4,-cl-std=CL1.2,2048,0.26683
myGEMM.cu, 1, 4,-cl-std=CL1.2,256,0.00073
myGEMM.cl, 1, 4,-cl-std=CL1.2,256,0.00066
myGEMM.cu, 1, 4,-cl-std=CL1.2,512,0.00499
myGEMM.cl, 1, 4,-cl-std=CL1.2,512,0.00505
myGEMM.cu, 1, 4,-cl-std=CL1.2,1024,0.03725
myGEMM.cl, 1, 4,-cl-std=CL1.2,1024,0.03909
myGEMM.cu, 1, 4,-cl-std=CL1.2,2048,0.27872
myGEMM.cl, 1, 4,-cl-std=CL1.2,2048,0.26654
myGEMM.cu, 1, 4,-cl-std=CL1.2,256,0.00055
myGEMM.cl, 1, 4,-cl-std=CL1.2,256,0.00048
myGEMM.cu, 1, 4,-cl-std=CL1.2,512,0.00380
myGEMM.cl, 1, 4,-cl-std=CL1.2,512,0.00385
myGEMM.cu, 1, 4,-cl-std=CL1.2,1024,0.03384
myGEMM.cl, 1, 4,-cl-std=CL1.2,1024,0.03423
myGEMM.cu, 1, 4,-cl-std=CL1.2,2048,0.26819
myGEMM.cl, 1, 4,-cl-std=CL1.2,2048,0.26743
myGEMM.cu, 1, 4,-cl-std=CL1.2,256,0.00057
myGEMM.cl, 1, 4,-cl-std=CL1.2,256,0.00052
myGEMM.cu, 1, 4,-cl-std=CL1.2,512,0.00396
myGEMM.cl, 1, 4,-cl-std=CL1.2,512,0.00393
myGEMM.cu, 1, 4,-cl-std=CL1.2,1024,0.03452
myGEMM.cl, 1, 4,-cl-std=CL1.2,1024,0.03498
myGEMM.cu, 1, 4,-cl-std=CL1.2,2048,0.27140
myGEMM.cl, 1, 4,-cl-std=CL1.2,2048,0.26642
myGEMM.cu, 1, 4,-cl-std=CL1.2,256,0.00056
myGEMM.cl, 1, 4,-cl-std=CL1.2,256,0.00048
myGEMM.cu, 1, 4,-cl-std=CL1.2,512,0.00383
myGEMM.cl, 1, 4,-cl-std=CL1.2,512,0.00381
myGEMM.cu, 1, 4,-cl-std=CL1.2,1024,0.03454
myGEMM.cl, 1, 4,-cl-std=CL1.2,1024,0.03413
myGEMM.cu, 1, 4,-cl-std=CL1.2,2048,0.26722
myGEMM.cl, 1, 4,-cl-std=CL1.2,2048,0.26842
myGEMM.cu, 1, 4,-cl-std=CL1.2,256,0.00058
myGEMM.cl, 1, 4,-cl-std=CL1.2,256,0.00051
myGEMM.cu, 1, 4,-cl-std=CL1.2,512,0.00392
myGEMM.cl, 1, 4,-cl-std=CL1.2,512,0.00395
myGEMM.cu, 1, 4,-cl-std=CL1.2,1024,0.03495
myGEMM.cl, 1, 4,-cl-std=CL1.2,1024,0.03491
myGEMM.cu, 1, 4,-cl-std=CL1.2,2048,0.26829
myGEMM.cl, 1, 4,-cl-std=CL1.2,2048,0.26748
myGEMM.cu, 1, 4,-cl-std=CL1.2,256,0.00055
myGEMM.cl, 1, 4,-cl-std=CL1.2,256,0.00049
myGEMM.cu, 1, 4,-cl-std=CL1.2,512,0.00381
myGEMM.cl, 1, 4,-cl-std=CL1.2,512,0.00383
myGEMM.cu, 1, 4,-cl-std=CL1.2,1024,0.03443
myGEMM.cl, 1, 4,-cl-std=CL1.2,1024,0.03408
myGEMM.cu, 1, 4,-cl-std=CL1.2,2048,0.26649
myGEMM.cl, 1, 4,-cl-std=CL1.2,2048,0.26628
myGEMM.cu, 1, 4,-cl-std=CL1.2,256,0.00055
myGEMM.cl, 1, 4,-cl-std=CL1.2,256,0.00051
myGEMM.cu, 1, 4,-cl-std=CL1.2,512,0.00385
myGEMM.cl, 1, 4,-cl-std=CL1.2,512,0.00386
myGEMM.cu, 1, 4,-cl-std=CL1.2,1024,0.03290
myGEMM.cl, 1, 4,-cl-std=CL1.2,1024,0.03407
myGEMM.cu, 1, 4,-cl-std=CL1.2,2048,0.26675
myGEMM.cl, 1, 4,-cl-std=CL1.2,2048,0.26656
myGEMM.cu, 1, 4,-cl-std=CL1.2,256,0.00057
myGEMM.cl, 1, 4,-cl-std=CL1.2,256,0.00051
myGEMM.cu, 1, 4,-cl-std=CL1.2,512,0.00394
myGEMM.cl, 1, 4,-cl-std=CL1.2,512,0.00397
myGEMM.cu, 1, 4,-cl-std=CL1.2,1024,0.03538
myGEMM.cl, 1, 4,-cl-std=CL1.2,1024,0.03505
myGEMM.cu, 1, 4,-cl-std=CL1.2,2048,0.26982
myGEMM.cl, 1, 4,-cl-std=CL1.2,2048,0.26639
myGEMM.cu, 1, 4,-cl-std=CL1.2,256,0.00056
myGEMM.cl, 1, 4,-cl-std=CL1.2,256,0.00050
myGEMM.cu, 1, 4,-cl-std=CL1.2,512,0.00391
myGEMM.cl, 1, 4,-cl-std=CL1.2,512,0.00394
myGEMM.cu, 1, 4,-cl-std=CL1.2,1024,0.03457
myGEMM.cl, 1, 4,-cl-std=CL1.2,1024,0.03534
myGEMM.cu, 1, 4,-cl-std=CL1.2,2048,0.26907
myGEMM.cl, 1, 4,-cl-std=CL1.2,2048,0.26773
myGEMM.cu, 1, 4,-cl-std=CL1.2,256,0.00070
myGEMM.cl, 1, 4,-cl-std=CL1.2,256,0.00064
myGEMM.cu, 1, 4,-cl-std=CL1.2,512,0.00501
myGEMM.cl, 1, 4,-cl-std=CL1.2,512,0.00498
myGEMM.cu, 1, 4,-cl-std=CL1.2,1024,0.03923
myGEMM.cl, 1, 4,-cl-std=CL1.2,1024,0.03876
myGEMM.cu, 1, 4,-cl-std=CL1.2,2048,0.29813
myGEMM.cl, 1, 4,-cl-std=CL1.2,2048,0.27096
myGEMM.cu, 1, 4,-cl-std=CL1.2,256,0.00056
myGEMM.cl, 1, 4,-cl-std=CL1.2,256,0.00051
myGEMM.cu, 1, 4,-cl-std=CL1.2,512,0.00395
myGEMM.cl, 1, 4,-cl-std=CL1.2,512,0.00398
myGEMM.cu, 1, 4,-cl-std=CL1.2,1024,0.03509
myGEMM.cl, 1, 4,-cl-std=CL1.2,1024,0.03541
myGEMM.cu, 1, 4,-cl-std=CL1.2,2048,0.26864
myGEMM.cl, 1, 4,-cl-std=CL1.2,2048,0.26807
myGEMM.cu, 1, 4,-cl-std=CL1.2,256,0.00056
myGEMM.cl, 1, 4,-cl-std=CL1.2,256,0.00050
myGEMM.cu, 1, 4,-cl-std=CL1.2,512,0.00386
myGEMM.cl, 1, 4,-cl-std=CL1.2,512,0.00384
myGEMM.cu, 1, 4,-cl-std=CL1.2,1024,0.03372
myGEMM.cl, 1, 4,-cl-std=CL1.2,1024,0.03392
myGEMM.cu, 1, 4,-cl-std=CL1.2,2048,0.26761
myGEMM.cl, 1, 4,-cl-std=CL1.2,2048,0.26685
myGEMM.cu, 1, 4,-cl-std=CL1.2,256,0.00056
myGEMM.cl, 1, 4,-cl-std=CL1.2,256,0.00049
myGEMM.cu, 1, 4,-cl-std=CL1.2,512,0.00385
myGEMM.cl, 1, 4,-cl-std=CL1.2,512,0.00381
myGEMM.cu, 1, 4,-cl-std=CL1.2,1024,0.03417
myGEMM.cl, 1, 4,-cl-std=CL1.2,1024,0.03340
myGEMM.cu, 1, 4,-cl-std=CL1.2,2048,0.26768
myGEMM.cl, 1, 4,-cl-std=CL1.2,2048,0.26532
myGEMM.cu, 1, 4,-cl-std=CL1.2,256,0.00055
myGEMM.cl, 1, 4,-cl-std=CL1.2,256,0.00050
myGEMM.cu, 1, 4,-cl-std=CL1.2,512,0.00383
myGEMM.cl, 1, 4,-cl-std=CL1.2,512,0.00382
myGEMM.cu, 1, 4,-cl-std=CL1.2,1024,0.03375
myGEMM.cl, 1, 4,-cl-std=CL1.2,1024,0.03383
myGEMM.cu, 1, 4,-cl-std=CL1.2,2048,0.26813
myGEMM.cl, 1, 4,-cl-std=CL1.2,2048,0.26633
myGEMM.cu, 1, 4,-cl-std=CL1.2,256,0.00056
myGEMM.cl, 1, 4,-cl-std=CL1.2,256,0.00049
myGEMM.cu, 1, 4,-cl-std=CL1.2,512,0.00380
myGEMM.cl, 1, 4,-cl-std=CL1.2,512,0.00379
myGEMM.cu, 1, 4,-cl-std=CL1.2,1024,0.03426
myGEMM.cl, 1, 4,-cl-std=CL1.2,1024,0.03292
myGEMM.cu, 1, 4,-cl-std=CL1.2,2048,0.26747
myGEMM.cl, 1, 4,-cl-std=CL1.2,2048,0.26975
myGEMM.cu, 1, 4,-cl-std=CL1.2,256,0.00056
myGEMM.cl, 1, 4,-cl-std=CL1.2,256,0.00052
myGEMM.cu, 1, 4,-cl-std=CL1.2,512,0.00396
myGEMM.cl, 1, 4,-cl-std=CL1.2,512,0.00393
myGEMM.cu, 1, 4,-cl-std=CL1.2,1024,0.03561
myGEMM.cl, 1, 4,-cl-std=CL1.2,1024,0.03406
myGEMM.cu, 1, 4,-cl-std=CL1.2,2048,0.26794
myGEMM.cl, 1, 4,-cl-std=CL1.2,2048,0.26794
myGEMM.cu, 1, 4,-cl-std=CL1.2,256,0.00054
myGEMM.cl, 1, 4,-cl-std=CL1.2,256,0.00050
myGEMM.cu, 1, 4,-cl-std=CL1.2,512,0.00379
myGEMM.cl, 1, 4,-cl-std=CL1.2,512,0.00381
myGEMM.cu, 1, 4,-cl-std=CL1.2,1024,0.03361
myGEMM.cl, 1, 4,-cl-std=CL1.2,1024,0.03432
myGEMM.cu, 1, 4,-cl-std=CL1.2,2048,0.26838
myGEMM.cl, 1, 4,-cl-std=CL1.2,2048,0.26774
myGEMM.cu, 1, 4,-cl-std=CL1.2,256,0.00057
myGEMM.cl, 1, 4,-cl-std=CL1.2,256,0.00053
myGEMM.cu, 1, 4,-cl-std=CL1.2,512,0.00394
myGEMM.cl, 1, 4,-cl-std=CL1.2,512,0.00392
myGEMM.cu, 1, 4,-cl-std=CL1.2,1024,0.03517
myGEMM.cl, 1, 4,-cl-std=CL1.2,1024,0.03545
myGEMM.cu, 1, 4,-cl-std=CL1.2,2048,0.26840
myGEMM.cl, 1, 4,-cl-std=CL1.2,2048,0.26947
myGEMM.cu, 1, 4,-cl-std=CL1.2,256,0.00072
myGEMM.cl, 1, 4,-cl-std=CL1.2,256,0.00063
myGEMM.cu, 1, 4,-cl-std=CL1.2,512,0.00500
myGEMM.cl, 1, 4,-cl-std=CL1.2,512,0.00501
myGEMM.cu, 1, 4,-cl-std=CL1.2,1024,0.04273
myGEMM.cl, 1, 4,-cl-std=CL1.2,1024,0.04222
myGEMM.cu, 1, 4,-cl-std=CL1.2,2048,0.27526
myGEMM.cl, 1, 4,-cl-std=CL1.2,2048,0.26800
myGEMM.cu, 1, 4,-cl-std=CL1.2,256,0.00059
myGEMM.cl, 1, 4,-cl-std=CL1.2,256,0.00052
myGEMM.cu, 1, 4,-cl-std=CL1.2,512,0.00400
myGEMM.cl, 1, 4,-cl-std=CL1.2,512,0.00400
myGEMM.cu, 1, 4,-cl-std=CL1.2,1024,0.03386
myGEMM.cl, 1, 4,-cl-std=CL1.2,1024,0.03561
myGEMM.cu, 1, 4,-cl-std=CL1.2,2048,0.27234
myGEMM.cl, 1, 4,-cl-std=CL1.2,2048,0.26758
myGEMM.cu, 1, 4,-cl-std=CL1.2,256,0.00058
myGEMM.cl, 1, 4,-cl-std=CL1.2,256,0.00053
myGEMM.cu, 1, 4,-cl-std=CL1.2,512,0.00399
myGEMM.cl, 1, 4,-cl-std=CL1.2,512,0.00395
myGEMM.cu, 1, 4,-cl-std=CL1.2,1024,0.03592
myGEMM.cl, 1, 4,-cl-std=CL1.2,1024,0.03510
myGEMM.cu, 1, 4,-cl-std=CL1.2,2048,0.26917
myGEMM.cl, 1, 4,-cl-std=CL1.2,2048,0.26925
myGEMM.cu, 1, 4,-cl-std=CL1.2,256,0.00054
myGEMM.cl, 1, 4,-cl-std=CL1.2,256,0.00050
myGEMM.cu, 1, 4,-cl-std=CL1.2,512,0.00383
myGEMM.cl, 1, 4,-cl-std=CL1.2,512,0.00380
myGEMM.cu, 1, 4,-cl-std=CL1.2,1024,0.03303
myGEMM.cl, 1, 4,-cl-std=CL1.2,1024,0.03427
myGEMM.cu, 1, 4,-cl-std=CL1.2,2048,0.26729
myGEMM.cl, 1, 4,-cl-std=CL1.2,2048,0.26686
myGEMM.cu, 1, 4,-cl-std=CL1.2,256,0.00055
myGEMM.cl, 1, 4,-cl-std=CL1.2,256,0.00049
myGEMM.cu, 1, 4,-cl-std=CL1.2,512,0.00380
myGEMM.cl, 1, 4,-cl-std=CL1.2,512,0.00379
myGEMM.cu, 1, 4,-cl-std=CL1.2,1024,0.03377
myGEMM.cl, 1, 4,-cl-std=CL1.2,1024,0.03429
myGEMM.cu, 1, 4,-cl-std=CL1.2,2048,0.26764
myGEMM.cl, 1, 4,-cl-std=CL1.2,2048,0.26656
myGEMM.cu, 1, 4,-cl-std=CL1.2,256,0.00057
myGEMM.cl, 1, 4,-cl-std=CL1.2,256,0.00052
myGEMM.cu, 1, 4,-cl-std=CL1.2,512,0.00395
myGEMM.cl, 1, 4,-cl-std=CL1.2,512,0.00400
myGEMM.cu, 1, 4,-cl-std=CL1.2,1024,0.03588
myGEMM.cl, 1, 4,-cl-std=CL1.2,1024,0.03575
myGEMM.cu, 1, 4,-cl-std=CL1.2,2048,0.26878
myGEMM.cl, 1, 4,-cl-std=CL1.2,2048,0.26861
myGEMM.cu, 1, 4,-cl-std=CL1.2,256,0.00056
myGEMM.cl, 1, 4,-cl-std=CL1.2,256,0.00050
myGEMM.cu, 1, 4,-cl-std=CL1.2,512,0.00383
myGEMM.cl, 1, 4,-cl-std=CL1.2,512,0.00387
myGEMM.cu, 1, 4,-cl-std=CL1.2,1024,0.03481
myGEMM.cl, 1, 4,-cl-std=CL1.2,1024,0.03398
myGEMM.cu, 1, 4,-cl-std=CL1.2,2048,0.26835
myGEMM.cl, 1, 4,-cl-std=CL1.2,2048,0.26732
myGEMM.cu, 1, 4,-cl-std=CL1.2,256,0.00059
myGEMM.cl, 1, 4,-cl-std=CL1.2,256,0.00053
myGEMM.cu, 1, 4,-cl-std=CL1.2,512,0.00400
myGEMM.cl, 1, 4,-cl-std=CL1.2,512,0.00399
myGEMM.cu, 1, 4,-cl-std=CL1.2,1024,0.03504
myGEMM.cl, 1, 4,-cl-std=CL1.2,1024,0.03536
myGEMM.cu, 1, 4,-cl-std=CL1.2,2048,0.26942
myGEMM.cl, 1, 4,-cl-std=CL1.2,2048,0.26735
myGEMM.cu, 1, 4,-cl-std=CL1.2,256,0.00057
myGEMM.cl, 1, 4,-cl-std=CL1.2,256,0.00051
myGEMM.cu, 1, 4,-cl-std=CL1.2,512,0.00395
myGEMM.cl, 1, 4,-cl-std=CL1.2,512,0.00396
myGEMM.cu, 1, 4,-cl-std=CL1.2,1024,0.03397
myGEMM.cl, 1, 4,-cl-std=CL1.2,1024,0.03424
myGEMM.cu, 1, 4,-cl-std=CL1.2,2048,0.26907
myGEMM.cl, 1, 4,-cl-std=CL1.2,2048,0.26816
myGEMM.cu, 1, 4,-cl-std=CL1.2,256,0.00072
myGEMM.cl, 1, 4,-cl-std=CL1.2,256,0.00066
myGEMM.cu, 1, 4,-cl-std=CL1.2,512,0.00497
myGEMM.cl, 1, 4,-cl-std=CL1.2,512,0.00498
myGEMM.cu, 1, 4,-cl-std=CL1.2,1024,0.03958
myGEMM.cl, 1, 4,-cl-std=CL1.2,1024,0.03816
myGEMM.cu, 1, 4,-cl-std=CL1.2,2048,0.29664
myGEMM.cl, 1, 4,-cl-std=CL1.2,2048,0.26767
myGEMM.cu, 1, 4,-cl-std=CL1.2,256,0.00057
myGEMM.cl, 1, 4,-cl-std=CL1.2,256,0.00052
myGEMM.cu, 1, 4,-cl-std=CL1.2,512,0.00397
myGEMM.cl, 1, 4,-cl-std=CL1.2,512,0.00394
myGEMM.cu, 1, 4,-cl-std=CL1.2,1024,0.03535
myGEMM.cl, 1, 4,-cl-std=CL1.2,1024,0.03534
myGEMM.cu, 1, 4,-cl-std=CL1.2,2048,0.26937
myGEMM.cl, 1, 4,-cl-std=CL1.2,2048,0.26739
myGEMM.cu, 1, 4,-cl-std=CL1.2,256,0.00058
myGEMM.cl, 1, 4,-cl-std=CL1.2,256,0.00052
myGEMM.cu, 1, 4,-cl-std=CL1.2,512,0.00400
myGEMM.cl, 1, 4,-cl-std=CL1.2,512,0.00398
myGEMM.cu, 1, 4,-cl-std=CL1.2,1024,0.03571
myGEMM.cl, 1, 4,-cl-std=CL1.2,1024,0.03547
myGEMM.cu, 1, 4,-cl-std=CL1.2,2048,0.27263
myGEMM.cl, 1, 4,-cl-std=CL1.2,2048,0.26733
myGEMM.cu, 1, 4,-cl-std=CL1.2,256,0.00056
myGEMM.cl, 1, 4,-cl-std=CL1.2,256,0.00050
myGEMM.cu, 1, 4,-cl-std=CL1.2,512,0.00378
myGEMM.cl, 1, 4,-cl-std=CL1.2,512,0.00378
myGEMM.cu, 1, 4,-cl-std=CL1.2,1024,0.03487
myGEMM.cl, 1, 4,-cl-std=CL1.2,1024,0.03425
myGEMM.cu, 1, 4,-cl-std=CL1.2,2048,0.26938
myGEMM.cl, 1, 4,-cl-std=CL1.2,2048,0.26785
myGEMM.cu, 1, 4,-cl-std=CL1.2,256,0.00056
myGEMM.cl, 1, 4,-cl-std=CL1.2,256,0.00052
myGEMM.cu, 1, 4,-cl-std=CL1.2,512,0.00392
myGEMM.cl, 1, 4,-cl-std=CL1.2,512,0.00390
myGEMM.cu, 1, 4,-cl-std=CL1.2,1024,0.03513
myGEMM.cl, 1, 4,-cl-std=CL1.2,1024,0.03553
myGEMM.cu, 1, 4,-cl-std=CL1.2,2048,0.27034
myGEMM.cl, 1, 4,-cl-std=CL1.2,2048,0.26669
myGEMM.cu, 1, 4,-cl-std=CL1.2,256,0.00056
myGEMM.cl, 1, 4,-cl-std=CL1.2,256,0.00051
myGEMM.cu, 1, 4,-cl-std=CL1.2,512,0.00399
myGEMM.cl, 1, 4,-cl-std=CL1.2,512,0.00397
myGEMM.cu, 1, 4,-cl-std=CL1.2,1024,0.03534
myGEMM.cl, 1, 4,-cl-std=CL1.2,1024,0.03518
myGEMM.cu, 1, 4,-cl-std=CL1.2,2048,0.27289
myGEMM.cl, 1, 4,-cl-std=CL1.2,2048,0.26915
myGEMM.cu, 1, 4,-cl-std=CL1.2,256,0.00056
myGEMM.cl, 1, 4,-cl-std=CL1.2,256,0.00049
myGEMM.cu, 1, 4,-cl-std=CL1.2,512,0.00382
myGEMM.cl, 1, 4,-cl-std=CL1.2,512,0.00380
myGEMM.cu, 1, 4,-cl-std=CL1.2,1024,0.03351
myGEMM.cl, 1, 4,-cl-std=CL1.2,1024,0.03412
myGEMM.cu, 1, 4,-cl-std=CL1.2,2048,0.26752
myGEMM.cl, 1, 4,-cl-std=CL1.2,2048,0.26603
myGEMM.cu, 1, 4,-cl-std=CL1.2,256,0.00058
myGEMM.cl, 1, 4,-cl-std=CL1.2,256,0.00050
myGEMM.cu, 1, 4,-cl-std=CL1.2,512,0.00393
myGEMM.cl, 1, 4,-cl-std=CL1.2,512,0.00393
myGEMM.cu, 1, 4,-cl-std=CL1.2,1024,0.03489
myGEMM.cl, 1, 4,-cl-std=CL1.2,1024,0.03480
myGEMM.cu, 1, 4,-cl-std=CL1.2,2048,0.27036
myGEMM.cl, 1, 4,-cl-std=CL1.2,2048,0.26763
myGEMM.cu, 1, 4,-cl-std=CL1.2,256,0.00057
myGEMM.cl, 1, 4,-cl-std=CL1.2,256,0.00049
myGEMM.cu, 1, 4,-cl-std=CL1.2,512,0.00383
myGEMM.cl, 1, 4,-cl-std=CL1.2,512,0.00382
myGEMM.cu, 1, 4,-cl-std=CL1.2,1024,0.03476
myGEMM.cl, 1, 4,-cl-std=CL1.2,1024,0.03380
myGEMM.cu, 1, 4,-cl-std=CL1.2,2048,0.26816
myGEMM.cl, 1, 4,-cl-std=CL1.2,2048,0.26840
myGEMM.cu, 1, 4,-cl-std=CL1.2,256,0.00072
myGEMM.cl, 1, 4,-cl-std=CL1.2,256,0.00063
myGEMM.cu, 1, 4,-cl-std=CL1.2,512,0.00500
myGEMM.cl, 1, 4,-cl-std=CL1.2,512,0.00495
myGEMM.cu, 1, 4,-cl-std=CL1.2,1024,0.03742
myGEMM.cl, 1, 4,-cl-std=CL1.2,1024,0.04234
myGEMM.cu, 1, 4,-cl-std=CL1.2,2048,0.28101
myGEMM.cl, 1, 4,-cl-std=CL1.2,2048,0.26808
myGEMM.cu, 1, 4,-cl-std=CL1.2,256,0.00065
myGEMM.cl, 1, 4,-cl-std=CL1.2,256,0.00049
myGEMM.cu, 1, 4,-cl-std=CL1.2,512,0.00378
myGEMM.cl, 1, 4,-cl-std=CL1.2,512,0.00380
myGEMM.cu, 1, 4,-cl-std=CL1.2,1024,0.03396
myGEMM.cl, 1, 4,-cl-std=CL1.2,1024,0.03414
myGEMM.cu, 1, 4,-cl-std=CL1.2,2048,0.26748
myGEMM.cl, 1, 4,-cl-std=CL1.2,2048,0.26853
myGEMM.cu, 1, 4,-cl-std=CL1.2,256,0.00058
myGEMM.cl, 1, 4,-cl-std=CL1.2,256,0.00054
myGEMM.cu, 1, 4,-cl-std=CL1.2,512,0.00412
myGEMM.cl, 1, 4,-cl-std=CL1.2,512,0.00416
myGEMM.cu, 1, 4,-cl-std=CL1.2,1024,0.03533
myGEMM.cl, 1, 4,-cl-std=CL1.2,1024,0.03652
myGEMM.cu, 1, 4,-cl-std=CL1.2,2048,0.27389
myGEMM.cl, 1, 4,-cl-std=CL1.2,2048,0.26650
myGEMM.cu, 1, 4,-cl-std=CL1.2,256,0.00056
myGEMM.cl, 1, 4,-cl-std=CL1.2,256,0.00050
myGEMM.cu, 1, 4,-cl-std=CL1.2,512,0.00400
myGEMM.cl, 1, 4,-cl-std=CL1.2,512,0.00399
myGEMM.cu, 1, 4,-cl-std=CL1.2,1024,0.03584
myGEMM.cl, 1, 4,-cl-std=CL1.2,1024,0.03451
myGEMM.cu, 1, 4,-cl-std=CL1.2,2048,0.27073
myGEMM.cl, 1, 4,-cl-std=CL1.2,2048,0.26873
myGEMM.cu, 1, 4,-cl-std=CL1.2,256,0.00055
myGEMM.cl, 1, 4,-cl-std=CL1.2,256,0.00050
myGEMM.cu, 1, 4,-cl-std=CL1.2,512,0.00381
myGEMM.cl, 1, 4,-cl-std=CL1.2,512,0.00382
myGEMM.cu, 1, 4,-cl-std=CL1.2,1024,0.03390
myGEMM.cl, 1, 4,-cl-std=CL1.2,1024,0.03319
myGEMM.cu, 1, 4,-cl-std=CL1.2,2048,0.26972
myGEMM.cl, 1, 4,-cl-std=CL1.2,2048,0.26859
myGEMM.cu, 1, 4,-cl-std=CL1.2,256,0.00062
myGEMM.cl, 1, 4,-cl-std=CL1.2,256,0.00055
myGEMM.cu, 1, 4,-cl-std=CL1.2,512,0.00421
myGEMM.cl, 1, 4,-cl-std=CL1.2,512,0.00420
myGEMM.cu, 1, 4,-cl-std=CL1.2,1024,0.03667
myGEMM.cl, 1, 4,-cl-std=CL1.2,1024,0.03613
myGEMM.cu, 1, 4,-cl-std=CL1.2,2048,0.27478
myGEMM.cl, 1, 4,-cl-std=CL1.2,2048,0.26778
myGEMM.cu, 1, 4,-cl-std=CL1.2,256,0.00060
myGEMM.cl, 1, 4,-cl-std=CL1.2,256,0.00050
myGEMM.cu, 1, 4,-cl-std=CL1.2,512,0.00378
myGEMM.cl, 1, 4,-cl-std=CL1.2,512,0.00381
myGEMM.cu, 1, 4,-cl-std=CL1.2,1024,0.03379
myGEMM.cl, 1, 4,-cl-std=CL1.2,1024,0.03419
myGEMM.cu, 1, 4,-cl-std=CL1.2,2048,0.26643
myGEMM.cl, 1, 4,-cl-std=CL1.2,2048,0.27155
myGEMM.cu, 1, 4,-cl-std=CL1.2,256,0.00063
myGEMM.cl, 1, 4,-cl-std=CL1.2,256,0.00056
myGEMM.cu, 1, 4,-cl-std=CL1.2,512,0.00426
myGEMM.cl, 1, 4,-cl-std=CL1.2,512,0.00430
myGEMM.cu, 1, 4,-cl-std=CL1.2,1024,0.03696
myGEMM.cl, 1, 4,-cl-std=CL1.2,1024,0.03569
myGEMM.cu, 1, 4,-cl-std=CL1.2,2048,0.27337
myGEMM.cl, 1, 4,-cl-std=CL1.2,2048,0.26723
myGEMM.cu, 1, 4,-cl-std=CL1.2,256,0.00061
myGEMM.cl, 1, 4,-cl-std=CL1.2,256,0.00054
myGEMM.cu, 1, 4,-cl-std=CL1.2,512,0.00422
myGEMM.cl, 1, 4,-cl-std=CL1.2,512,0.00423
myGEMM.cu, 1, 4,-cl-std=CL1.2,1024,0.03733
myGEMM.cl, 1, 4,-cl-std=CL1.2,1024,0.03697
myGEMM.cu, 1, 4,-cl-std=CL1.2,2048,0.26630
myGEMM.cl, 1, 4,-cl-std=CL1.2,2048,0.30362
myGEMM.cu, 1, 4,-cl-std=CL1.2,256,0.00075
myGEMM.cl, 1, 4,-cl-std=CL1.2,256,0.00065
myGEMM.cu, 1, 4,-cl-std=CL1.2,512,0.00500
myGEMM.cl, 1, 4,-cl-std=CL1.2,512,0.00496
myGEMM.cu, 1, 4,-cl-std=CL1.2,1024,0.04293
myGEMM.cl, 1, 4,-cl-std=CL1.2,1024,0.04207
myGEMM.cu, 1, 4,-cl-std=CL1.2,2048,0.29507
myGEMM.cl, 1, 4,-cl-std=CL1.2,2048,0.26881
myGEMM.cu, 1, 4,-cl-std=CL1.2,256,0.00060
myGEMM.cl, 1, 4,-cl-std=CL1.2,256,0.00052
myGEMM.cu, 1, 4,-cl-std=CL1.2,512,0.00403
myGEMM.cl, 1, 4,-cl-std=CL1.2,512,0.00401
myGEMM.cu, 1, 4,-cl-std=CL1.2,1024,0.03591
myGEMM.cl, 1, 4,-cl-std=CL1.2,1024,0.03534
myGEMM.cu, 1, 4,-cl-std=CL1.2,2048,0.26924
myGEMM.cl, 1, 4,-cl-std=CL1.2,2048,0.26848
myGEMM.cu, 1, 4,-cl-std=CL1.2,256,0.00059
myGEMM.cl, 1, 4,-cl-std=CL1.2,256,0.00053
myGEMM.cu, 1, 4,-cl-std=CL1.2,512,0.00398
myGEMM.cl, 1, 4,-cl-std=CL1.2,512,0.00401
myGEMM.cu, 1, 4,-cl-std=CL1.2,1024,0.03427
myGEMM.cl, 1, 4,-cl-std=CL1.2,1024,0.03531
myGEMM.cu, 1, 4,-cl-std=CL1.2,2048,0.26919
myGEMM.cl, 1, 4,-cl-std=CL1.2,2048,0.26573
myGEMM.cu, 1, 4,-cl-std=CL1.2,256,0.00072
myGEMM.cl, 1, 4,-cl-std=CL1.2,256,0.00063
myGEMM.cu, 1, 4,-cl-std=CL1.2,512,0.00503
myGEMM.cl, 1, 4,-cl-std=CL1.2,512,0.00501
myGEMM.cu, 1, 4,-cl-std=CL1.2,1024,0.03796
myGEMM.cl, 1, 4,-cl-std=CL1.2,1024,0.03810
myGEMM.cu, 1, 4,-cl-std=CL1.2,2048,0.29339
myGEMM.cl, 1, 4,-cl-std=CL1.2,2048,0.26875
myGEMM.cu, 1, 4,-cl-std=CL1.2,256,0.00056
myGEMM.cl, 1, 4,-cl-std=CL1.2,256,0.00050
myGEMM.cu, 1, 4,-cl-std=CL1.2,512,0.00401
myGEMM.cl, 1, 4,-cl-std=CL1.2,512,0.00397
myGEMM.cu, 1, 4,-cl-std=CL1.2,1024,0.03574
myGEMM.cl, 1, 4,-cl-std=CL1.2,1024,0.03559
myGEMM.cu, 1, 4,-cl-std=CL1.2,2048,0.27097
myGEMM.cl, 1, 4,-cl-std=CL1.2,2048,0.45562
myGEMM.cu, 1, 4,-cl-std=CL1.2,256,0.00068
myGEMM.cl, 1, 4,-cl-std=CL1.2,256,0.00062
myGEMM.cu, 1, 4,-cl-std=CL1.2,512,0.00476
myGEMM.cl, 1, 4,-cl-std=CL1.2,512,0.00472
myGEMM.cu, 1, 4,-cl-std=CL1.2,1024,0.04062
myGEMM.cl, 1, 4,-cl-std=CL1.2,1024,0.04117
myGEMM.cu, 1, 4,-cl-std=CL1.2,2048,0.27408
myGEMM.cl, 1, 4,-cl-std=CL1.2,2048,0.26641
myGEMM.cu, 1, 4,-cl-std=CL1.2,256,0.00055
myGEMM.cl, 1, 4,-cl-std=CL1.2,256,0.00050
myGEMM.cu, 1, 4,-cl-std=CL1.2,512,0.00382
myGEMM.cl, 1, 4,-cl-std=CL1.2,512,0.00379
myGEMM.cu, 1, 4,-cl-std=CL1.2,1024,0.03435
myGEMM.cl, 1, 4,-cl-std=CL1.2,1024,0.03405
myGEMM.cu, 1, 4,-cl-std=CL1.2,2048,0.26876
myGEMM.cl, 1, 4,-cl-std=CL1.2,2048,0.27118
myGEMM.cu, 1, 4,-cl-std=CL1.2,256,0.00055
myGEMM.cl, 1, 4,-cl-std=CL1.2,256,0.00051
myGEMM.cu, 1, 4,-cl-std=CL1.2,512,0.00397
myGEMM.cl, 1, 4,-cl-std=CL1.2,512,0.00391
myGEMM.cu, 1, 4,-cl-std=CL1.2,1024,0.03397
myGEMM.cl, 1, 4,-cl-std=CL1.2,1024,0.03526
myGEMM.cu, 1, 4,-cl-std=CL1.2,2048,0.26959
myGEMM.cl, 1, 4,-cl-std=CL1.2,2048,0.26966
myGEMM.cu, 1, 4,-cl-std=CL1.2,256,0.00062
myGEMM.cl, 1, 4,-cl-std=CL1.2,256,0.00054
myGEMM.cu, 1, 4,-cl-std=CL1.2,512,0.00429
myGEMM.cl, 1, 4,-cl-std=CL1.2,512,0.00427
myGEMM.cu, 1, 4,-cl-std=CL1.2,1024,0.03745
myGEMM.cl, 1, 4,-cl-std=CL1.2,1024,0.03533
myGEMM.cu, 1, 4,-cl-std=CL1.2,2048,0.27125
myGEMM.cl, 1, 4,-cl-std=CL1.2,2048,0.28253
myGEMM.cu, 1, 4,-cl-std=CL1.2,256,0.00069
myGEMM.cl, 1, 4,-cl-std=CL1.2,256,0.00063
myGEMM.cu, 1, 4,-cl-std=CL1.2,512,0.00505
myGEMM.cl, 1, 4,-cl-std=CL1.2,512,0.00499
myGEMM.cu, 1, 4,-cl-std=CL1.2,1024,0.04234
myGEMM.cl, 1, 4,-cl-std=CL1.2,1024,0.04302
myGEMM.cu, 1, 4,-cl-std=CL1.2,2048,0.29365
myGEMM.cl, 1, 4,-cl-std=CL1.2,2048,0.26960
myGEMM.cu, 1, 4,-cl-std=CL1.2,256,0.00072
myGEMM.cl, 1, 4,-cl-std=CL1.2,256,0.00065
myGEMM.cu, 1, 4,-cl-std=CL1.2,512,0.00505
myGEMM.cl, 1, 4,-cl-std=CL1.2,512,0.00500
myGEMM.cu, 1, 4,-cl-std=CL1.2,1024,0.04204
myGEMM.cl, 1, 4,-cl-std=CL1.2,1024,0.04277
myGEMM.cu, 1, 4,-cl-std=CL1.2,2048,0.26832
myGEMM.cl, 1, 4,-cl-std=CL1.2,2048,0.27094
myGEMM.cu, 1, 4,-cl-std=CL1.2,256,0.00055
myGEMM.cl, 1, 4,-cl-std=CL1.2,256,0.00049
myGEMM.cu, 1, 4,-cl-std=CL1.2,512,0.00377
myGEMM.cl, 1, 4,-cl-std=CL1.2,512,0.00380
myGEMM.cu, 1, 4,-cl-std=CL1.2,1024,0.03441
myGEMM.cl, 1, 4,-cl-std=CL1.2,1024,0.03356
myGEMM.cu, 1, 4,-cl-std=CL1.2,2048,0.26905
myGEMM.cl, 1, 4,-cl-std=CL1.2,2048,0.27929
myGEMM.cu, 1, 4,-cl-std=CL1.2,256,0.00062
myGEMM.cl, 1, 4,-cl-std=CL1.2,256,0.00057
myGEMM.cu, 1, 4,-cl-std=CL1.2,512,0.00426
myGEMM.cl, 1, 4,-cl-std=CL1.2,512,0.00429
myGEMM.cu, 1, 4,-cl-std=CL1.2,1024,0.03759
myGEMM.cl, 1, 4,-cl-std=CL1.2,1024,0.03776
myGEMM.cu, 1, 4,-cl-std=CL1.2,2048,0.27467
myGEMM.cl, 1, 4,-cl-std=CL1.2,2048,0.26955
myGEMM.cu, 1, 4,-cl-std=CL1.2,256,0.00062
myGEMM.cl, 1, 4,-cl-std=CL1.2,256,0.00050
myGEMM.cu, 1, 4,-cl-std=CL1.2,512,0.00382
myGEMM.cl, 1, 4,-cl-std=CL1.2,512,0.00390
myGEMM.cu, 1, 4,-cl-std=CL1.2,1024,0.03445
myGEMM.cl, 1, 4,-cl-std=CL1.2,1024,0.03410
myGEMM.cu, 1, 4,-cl-std=CL1.2,2048,0.26726
myGEMM.cl, 1, 4,-cl-std=CL1.2,2048,0.26959
myGEMM.cu, 1, 4,-cl-std=CL1.2,256,0.00056
myGEMM.cl, 1, 4,-cl-std=CL1.2,256,0.00048
myGEMM.cu, 1, 4,-cl-std=CL1.2,512,0.00376
myGEMM.cl, 1, 4,-cl-std=CL1.2,512,0.00379
myGEMM.cu, 1, 4,-cl-std=CL1.2,1024,0.03419
myGEMM.cl, 1, 4,-cl-std=CL1.2,1024,0.03274
myGEMM.cu, 1, 4,-cl-std=CL1.2,2048,0.26880
myGEMM.cl, 1, 4,-cl-std=CL1.2,2048,0.28204
myGEMM.cu, 1, 4,-cl-std=CL1.2,256,0.00072
myGEMM.cl, 1, 4,-cl-std=CL1.2,256,0.00066
myGEMM.cu, 1, 4,-cl-std=CL1.2,512,0.00503
myGEMM.cl, 1, 4,-cl-std=CL1.2,512,0.00498
myGEMM.cu, 1, 4,-cl-std=CL1.2,1024,0.03973
myGEMM.cl, 1, 4,-cl-std=CL1.2,1024,0.04155
myGEMM.cu, 1, 4,-cl-std=CL1.2,2048,0.28718
myGEMM.cl, 1, 4,-cl-std=CL1.2,2048,0.26846
myGEMM.cu, 1, 4,-cl-std=CL1.2,256,0.00057
myGEMM.cl, 1, 4,-cl-std=CL1.2,256,0.00051
myGEMM.cu, 1, 4,-cl-std=CL1.2,512,0.00382
myGEMM.cl, 1, 4,-cl-std=CL1.2,512,0.00388
myGEMM.cu, 1, 4,-cl-std=CL1.2,1024,0.03421
myGEMM.cl, 1, 4,-cl-std=CL1.2,1024,0.03523
myGEMM.cu, 1, 4,-cl-std=CL1.2,2048,0.26877
myGEMM.cl, 1, 4,-cl-std=CL1.2,2048,0.28224
myGEMM.cu, 1, 4,-cl-std=CL1.2,256,0.00069
myGEMM.cl, 1, 4,-cl-std=CL1.2,256,0.00059
myGEMM.cu, 1, 4,-cl-std=CL1.2,512,0.00471
myGEMM.cl, 1, 4,-cl-std=CL1.2,512,0.00475
myGEMM.cu, 1, 4,-cl-std=CL1.2,1024,0.04075
myGEMM.cl, 1, 4,-cl-std=CL1.2,1024,0.04052
myGEMM.cu, 1, 4,-cl-std=CL1.2,2048,0.28792
myGEMM.cl, 1, 4,-cl-std=CL1.2,2048,0.27247
myGEMM.cu, 1, 4,-cl-std=CL1.2,256,0.00073
myGEMM.cl, 1, 4,-cl-std=CL1.2,256,0.00063
myGEMM.cu, 1, 4,-cl-std=CL1.2,512,0.00505
myGEMM.cl, 1, 4,-cl-std=CL1.2,512,0.00503
myGEMM.cu, 1, 4,-cl-std=CL1.2,1024,0.03769
myGEMM.cl, 1, 4,-cl-std=CL1.2,1024,0.03688
myGEMM.cu, 1, 4,-cl-std=CL1.2,2048,0.27803
myGEMM.cl, 1, 4,-cl-std=CL1.2,2048,0.26741
myGEMM.cu, 1, 4,-cl-std=CL1.2,256,0.00072
myGEMM.cl, 1, 4,-cl-std=CL1.2,256,0.00065
myGEMM.cu, 1, 4,-cl-std=CL1.2,512,0.00502
myGEMM.cl, 1, 4,-cl-std=CL1.2,512,0.00496
myGEMM.cu, 1, 4,-cl-std=CL1.2,1024,0.03763
myGEMM.cl, 1, 4,-cl-std=CL1.2,1024,0.04255
myGEMM.cu, 1, 4,-cl-std=CL1.2,2048,0.29732
myGEMM.cl, 1, 4,-cl-std=CL1.2,2048,0.27134
myGEMM.cu, 1, 4,-cl-std=CL1.2,256,0.00059
myGEMM.cl, 1, 4,-cl-std=CL1.2,256,0.00055
myGEMM.cu, 1, 4,-cl-std=CL1.2,512,0.00400
myGEMM.cl, 1, 4,-cl-std=CL1.2,512,0.00403
myGEMM.cu, 1, 4,-cl-std=CL1.2,1024,0.03549
myGEMM.cl, 1, 4,-cl-std=CL1.2,1024,0.03621
myGEMM.cu, 1, 4,-cl-std=CL1.2,2048,0.26800
myGEMM.cl, 1, 4,-cl-std=CL1.2,2048,0.27694
myGEMM.cu, 1, 4,-cl-std=CL1.2,256,0.00056
myGEMM.cl, 1, 4,-cl-std=CL1.2,256,0.00050
myGEMM.cu, 1, 4,-cl-std=CL1.2,512,0.00383
myGEMM.cl, 1, 4,-cl-std=CL1.2,512,0.00383
myGEMM.cu, 1, 4,-cl-std=CL1.2,1024,0.03462
myGEMM.cl, 1, 4,-cl-std=CL1.2,1024,0.03420
myGEMM.cu, 1, 4,-cl-std=CL1.2,2048,0.27270
myGEMM.cl, 1, 4,-cl-std=CL1.2,2048,0.27775
myGEMM.cu, 1, 4,-cl-std=CL1.2,256,0.00067
myGEMM.cl, 1, 4,-cl-std=CL1.2,256,0.00060
myGEMM.cu, 1, 4,-cl-std=CL1.2,512,0.00487
myGEMM.cl, 1, 4,-cl-std=CL1.2,512,0.00469
myGEMM.cu, 1, 4,-cl-std=CL1.2,1024,0.04116
myGEMM.cl, 1, 4,-cl-std=CL1.2,1024,0.04028
myGEMM.cu, 1, 4,-cl-std=CL1.2,2048,0.29081
myGEMM.cl, 1, 4,-cl-std=CL1.2,2048,0.26776
myGEMM.cu, 1, 4,-cl-std=CL1.2,256,0.00060
myGEMM.cl, 1, 4,-cl-std=CL1.2,256,0.00054
myGEMM.cu, 1, 4,-cl-std=CL1.2,512,0.00398
myGEMM.cl, 1, 4,-cl-std=CL1.2,512,0.00398
myGEMM.cu, 1, 4,-cl-std=CL1.2,1024,0.03437
myGEMM.cl, 1, 4,-cl-std=CL1.2,1024,0.03562
myGEMM.cu, 1, 4,-cl-std=CL1.2,2048,0.27016
myGEMM.cl, 1, 4,-cl-std=CL1.2,2048,0.28840
myGEMM.cu, 1, 4,-cl-std=CL1.2,256,0.00067
myGEMM.cl, 1, 4,-cl-std=CL1.2,256,0.00061
myGEMM.cu, 1, 4,-cl-std=CL1.2,512,0.00472
myGEMM.cl, 1, 4,-cl-std=CL1.2,512,0.00465
myGEMM.cu, 1, 4,-cl-std=CL1.2,1024,0.03587
myGEMM.cl, 1, 4,-cl-std=CL1.2,1024,0.03986
myGEMM.cu, 1, 4,-cl-std=CL1.2,2048,0.28694
myGEMM.cl, 1, 4,-cl-std=CL1.2,2048,0.77381
myGEMM.cu, 1, 4,-cl-std=CL1.2,256,0.00069
myGEMM.cl, 1, 4,-cl-std=CL1.2,256,0.00058
myGEMM.cu, 1, 4,-cl-std=CL1.2,512,0.00449
myGEMM.cl, 1, 4,-cl-std=CL1.2,512,0.00446
myGEMM.cu, 1, 4,-cl-std=CL1.2,1024,0.03748
myGEMM.cl, 1, 4,-cl-std=CL1.2,1024,0.03909
myGEMM.cu, 1, 4,-cl-std=CL1.2,2048,0.28007
myGEMM.cl, 1, 4,-cl-std=CL1.2,2048,0.26739
myGEMM.cu, 1, 4,-cl-std=CL1.2,256,0.00057
myGEMM.cl, 1, 4,-cl-std=CL1.2,256,0.00052
myGEMM.cu, 1, 4,-cl-std=CL1.2,512,0.00398
myGEMM.cl, 1, 4,-cl-std=CL1.2,512,0.00401
myGEMM.cu, 1, 4,-cl-std=CL1.2,1024,0.03553
myGEMM.cl, 1, 4,-cl-std=CL1.2,1024,0.03577
myGEMM.cu, 1, 4,-cl-std=CL1.2,2048,0.26951
myGEMM.cl, 1, 4,-cl-std=CL1.2,2048,0.28288
myGEMM.cu, 1, 4,-cl-std=CL1.2,256,0.00067
myGEMM.cl, 1, 4,-cl-std=CL1.2,256,0.00061
myGEMM.cu, 1, 4,-cl-std=CL1.2,512,0.00462
myGEMM.cl, 1, 4,-cl-std=CL1.2,512,0.00462
myGEMM.cu, 1, 4,-cl-std=CL1.2,1024,0.03979
myGEMM.cl, 1, 4,-cl-std=CL1.2,1024,0.03678
myGEMM.cu, 1, 4,-cl-std=CL1.2,2048,0.27788
myGEMM.cl, 1, 4,-cl-std=CL1.2,2048,0.27005
myGEMM.cu, 1, 4,-cl-std=CL1.2,256,0.00072
myGEMM.cl, 1, 4,-cl-std=CL1.2,256,0.00063
myGEMM.cu, 1, 4,-cl-std=CL1.2,512,0.00502
myGEMM.cl, 1, 4,-cl-std=CL1.2,512,0.00505
myGEMM.cu, 1, 4,-cl-std=CL1.2,1024,0.04294
myGEMM.cl, 1, 4,-cl-std=CL1.2,1024,0.04166
myGEMM.cu, 1, 4,-cl-std=CL1.2,2048,0.29725
myGEMM.cl, 1, 4,-cl-std=CL1.2,2048,0.27163
myGEMM.cu, 1, 4,-cl-std=CL1.2,256,0.00058
myGEMM.cl, 1, 4,-cl-std=CL1.2,256,0.00053
myGEMM.cu, 1, 4,-cl-std=CL1.2,512,0.00403
myGEMM.cl, 1, 4,-cl-std=CL1.2,512,0.00399
myGEMM.cu, 1, 4,-cl-std=CL1.2,1024,0.03419
myGEMM.cl, 1, 4,-cl-std=CL1.2,1024,0.03377
myGEMM.cu, 1, 4,-cl-std=CL1.2,2048,0.26797
myGEMM.cl, 1, 4,-cl-std=CL1.2,2048,0.28922
myGEMM.cu, 1, 4,-cl-std=CL1.2,256,0.00063
myGEMM.cl, 1, 4,-cl-std=CL1.2,256,0.00058
myGEMM.cu, 1, 4,-cl-std=CL1.2,512,0.00445
myGEMM.cl, 1, 4,-cl-std=CL1.2,512,0.00448
myGEMM.cu, 1, 4,-cl-std=CL1.2,1024,0.03751
myGEMM.cl, 1, 4,-cl-std=CL1.2,1024,0.03770
myGEMM.cu, 1, 4,-cl-std=CL1.2,2048,0.27655
myGEMM.cl, 1, 4,-cl-std=CL1.2,2048,0.29337
myGEMM.cu, 1, 8,-cl-std=CL1.2,256,0.00034
myGEMM.cl, 1, 8,-cl-std=CL1.2,256,0.00029
myGEMM.cu, 1, 8,-cl-std=CL1.2,512,0.00209
myGEMM.cl, 1, 8,-cl-std=CL1.2,512,0.00211
myGEMM.cu, 1, 8,-cl-std=CL1.2,1024,0.01903
myGEMM.cl, 1, 8,-cl-std=CL1.2,1024,0.01906
myGEMM.cu, 1, 8,-cl-std=CL1.2,2048,0.16318
myGEMM.cl, 1, 8,-cl-std=CL1.2,2048,0.15156
myGEMM.cu, 1, 8,-cl-std=CL1.2,256,0.00027
myGEMM.cl, 1, 8,-cl-std=CL1.2,256,0.00022
myGEMM.cu, 1, 8,-cl-std=CL1.2,512,0.00162
myGEMM.cl, 1, 8,-cl-std=CL1.2,512,0.00163
myGEMM.cu, 1, 8,-cl-std=CL1.2,1024,0.01708
myGEMM.cl, 1, 8,-cl-std=CL1.2,1024,0.01716
myGEMM.cu, 1, 8,-cl-std=CL1.2,2048,0.14951
myGEMM.cl, 1, 8,-cl-std=CL1.2,2048,0.14719
myGEMM.cu, 1, 8,-cl-std=CL1.2,256,0.00033
myGEMM.cl, 1, 8,-cl-std=CL1.2,256,0.00028
myGEMM.cu, 1, 8,-cl-std=CL1.2,512,0.00207
myGEMM.cl, 1, 8,-cl-std=CL1.2,512,0.00207
myGEMM.cu, 1, 8,-cl-std=CL1.2,1024,0.01889
myGEMM.cl, 1, 8,-cl-std=CL1.2,1024,0.01887
myGEMM.cu, 1, 8,-cl-std=CL1.2,2048,0.15562
myGEMM.cl, 1, 8,-cl-std=CL1.2,2048,0.14674
myGEMM.cu, 1, 8,-cl-std=CL1.2,256,0.00029
myGEMM.cl, 1, 8,-cl-std=CL1.2,256,0.00023
myGEMM.cu, 1, 8,-cl-std=CL1.2,512,0.00174
myGEMM.cl, 1, 8,-cl-std=CL1.2,512,0.00174
myGEMM.cu, 1, 8,-cl-std=CL1.2,1024,0.01752
myGEMM.cl, 1, 8,-cl-std=CL1.2,1024,0.01744
myGEMM.cu, 1, 8,-cl-std=CL1.2,2048,0.14966
myGEMM.cl, 1, 8,-cl-std=CL1.2,2048,0.14764
myGEMM.cu, 1, 8,-cl-std=CL1.2,256,0.00027
myGEMM.cl, 1, 8,-cl-std=CL1.2,256,0.00022
myGEMM.cu, 1, 8,-cl-std=CL1.2,512,0.00162
myGEMM.cl, 1, 8,-cl-std=CL1.2,512,0.00162
myGEMM.cu, 1, 8,-cl-std=CL1.2,1024,0.01717
myGEMM.cl, 1, 8,-cl-std=CL1.2,1024,0.01723
myGEMM.cu, 1, 8,-cl-std=CL1.2,2048,0.15115
myGEMM.cl, 1, 8,-cl-std=CL1.2,2048,0.14768
myGEMM.cu, 1, 8,-cl-std=CL1.2,256,0.00028
myGEMM.cl, 1, 8,-cl-std=CL1.2,256,0.00023
myGEMM.cu, 1, 8,-cl-std=CL1.2,512,0.00169
myGEMM.cl, 1, 8,-cl-std=CL1.2,512,0.00167
myGEMM.cu, 1, 8,-cl-std=CL1.2,1024,0.01734
myGEMM.cl, 1, 8,-cl-std=CL1.2,1024,0.01727
myGEMM.cu, 1, 8,-cl-std=CL1.2,2048,0.15320
myGEMM.cl, 1, 8,-cl-std=CL1.2,2048,0.14768
myGEMM.cu, 1, 8,-cl-std=CL1.2,256,0.00034
myGEMM.cl, 1, 8,-cl-std=CL1.2,256,0.00028
myGEMM.cu, 1, 8,-cl-std=CL1.2,512,0.00210
myGEMM.cl, 1, 8,-cl-std=CL1.2,512,0.00211
myGEMM.cu, 1, 8,-cl-std=CL1.2,1024,0.01907
myGEMM.cl, 1, 8,-cl-std=CL1.2,1024,0.01904
myGEMM.cu, 1, 8,-cl-std=CL1.2,2048,0.16290
myGEMM.cl, 1, 8,-cl-std=CL1.2,2048,0.15174
myGEMM.cu, 1, 8,-cl-std=CL1.2,256,0.00027
myGEMM.cl, 1, 8,-cl-std=CL1.2,256,0.00022
myGEMM.cu, 1, 8,-cl-std=CL1.2,512,0.00162
myGEMM.cl, 1, 8,-cl-std=CL1.2,512,0.00162
myGEMM.cu, 1, 8,-cl-std=CL1.2,1024,0.01720
myGEMM.cl, 1, 8,-cl-std=CL1.2,1024,0.01715
myGEMM.cu, 1, 8,-cl-std=CL1.2,2048,0.14922
myGEMM.cl, 1, 8,-cl-std=CL1.2,2048,0.14864
myGEMM.cl, 1, 4,-cl-std=CL1.2,256,0.00066
myGEMM.cu, 1, 4,-cl-std=CL1.2,512,0.00505
myGEMM.cl, 1, 4,-cl-std=CL1.2,512,0.00501
myGEMM.cu, 1, 4,-cl-std=CL1.2,1024,0.04283
myGEMM.cl, 1, 4,-cl-std=CL1.2,1024,0.03791
myGEMM.cu, 1, 4,-cl-std=CL1.2,2048,0.29234
myGEMM.cl, 1, 4,-cl-std=CL1.2,2048,0.26830
myGEMM.cl, 1, 4,-cl-std=CL1.2,256,0.00062
myGEMM.cu, 1, 4,-cl-std=CL1.2,512,0.00502
myGEMM.cl, 1, 4,-cl-std=CL1.2,512,0.00497
myGEMM.cu, 1, 4,-cl-std=CL1.2,1024,0.03812
myGEMM.cl, 1, 4,-cl-std=CL1.2,1024,0.04151
myGEMM.cu, 1, 4,-cl-std=CL1.2,2048,0.27216
myGEMM.cl, 1, 4,-cl-std=CL1.2,2048,0.26780
myGEMM.cl, 1, 4,-cl-std=CL1.2,256,0.00055
myGEMM.cu, 1, 4,-cl-std=CL1.2,512,0.00431
myGEMM.cl, 1, 4,-cl-std=CL1.2,512,0.00425
myGEMM.cu, 1, 4,-cl-std=CL1.2,1024,0.03802
myGEMM.cl, 1, 4,-cl-std=CL1.2,1024,0.03448
myGEMM.cu, 1, 4,-cl-std=CL1.2,2048,0.27517
myGEMM.cl, 1, 4,-cl-std=CL1.2,2048,0.26741
myGEMM.cl, 1, 4,-cl-std=CL1.2,256,0.00051
myGEMM.cu, 1, 4,-cl-std=CL1.2,512,0.00404
myGEMM.cl, 1, 4,-cl-std=CL1.2,512,0.00403
myGEMM.cu, 1, 4,-cl-std=CL1.2,1024,0.03545
myGEMM.cl, 1, 4,-cl-std=CL1.2,1024,0.03588
myGEMM.cu, 1, 4,-cl-std=CL1.2,2048,0.27140
myGEMM.cl, 1, 4,-cl-std=CL1.2,2048,0.28781
myGEMM.cl, 1, 4,-cl-std=CL1.2,256,0.00051
myGEMM.cu, 1, 4,-cl-std=CL1.2,512,0.00387
myGEMM.cl, 1, 4,-cl-std=CL1.2,512,0.00388
myGEMM.cu, 1, 4,-cl-std=CL1.2,1024,0.03555
myGEMM.cl, 1, 4,-cl-std=CL1.2,1024,0.03812
myGEMM.cu, 1, 4,-cl-std=CL1.2,2048,0.29190
myGEMM.cl, 1, 4,-cl-std=CL1.2,2048,0.28913
myGEMM.cl, 1, 4,-cl-std=CL1.2,256,0.00057
myGEMM.cu, 1, 4,-cl-std=CL1.2,512,0.00461
myGEMM.cl, 1, 4,-cl-std=CL1.2,512,0.00471
myGEMM.cu, 1, 4,-cl-std=CL1.2,1024,0.04047
myGEMM.cl, 1, 4,-cl-std=CL1.2,1024,0.03572
myGEMM.cu, 1, 4,-cl-std=CL1.2,2048,0.27094
myGEMM.cl, 1, 4,-cl-std=CL1.2,2048,0.28401
myGEMM.cl, 1, 4,-cl-std=CL1.2,256,0.00060
myGEMM.cu, 1, 4,-cl-std=CL1.2,512,0.00480
myGEMM.cl, 1, 4,-cl-std=CL1.2,512,0.00481
myGEMM.cu, 1, 4,-cl-std=CL1.2,1024,0.03876
myGEMM.cl, 1, 4,-cl-std=CL1.2,1024,0.03719
myGEMM.cu, 1, 4,-cl-std=CL1.2,2048,0.29621
myGEMM.cl, 1, 4,-cl-std=CL1.2,2048,0.26773
myGEMM.cl, 1, 4,-cl-std=CL1.2,256,0.00049
myGEMM.cu, 1, 4,-cl-std=CL1.2,512,0.00397
myGEMM.cl, 1, 4,-cl-std=CL1.2,512,0.00397
myGEMM.cu, 1, 4,-cl-std=CL1.2,1024,0.03564
myGEMM.cl, 1, 4,-cl-std=CL1.2,1024,0.03651
myGEMM.cu, 1, 4,-cl-std=CL1.2,2048,0.27656
myGEMM.cl, 1, 4,-cl-std=CL1.2,2048,0.29236
myGEMM.cl, 1, 4,-cl-std=CL1.2,256,0.00050
myGEMM.cu, 1, 4,-cl-std=CL1.2,512,0.00401
myGEMM.cl, 1, 4,-cl-std=CL1.2,512,0.00398
myGEMM.cu, 1, 4,-cl-std=CL1.2,1024,0.03668
myGEMM.cl, 1, 4,-cl-std=CL1.2,1024,0.04141
myGEMM.cu, 1, 4,-cl-std=CL1.2,2048,0.31697
myGEMM.cl, 1, 4,-cl-std=CL1.2,2048,0.31426
myGEMM.cl, 1, 4,-cl-std=CL1.2,256,0.00062
myGEMM.cu, 1, 4,-cl-std=CL1.2,512,0.00504
myGEMM.cl, 1, 4,-cl-std=CL1.2,512,0.00500
myGEMM.cu, 1, 4,-cl-std=CL1.2,1024,0.04237
myGEMM.cl, 1, 4,-cl-std=CL1.2,1024,0.03979
myGEMM.cu, 1, 4,-cl-std=CL1.2,2048,0.29838
myGEMM.cl, 1, 4,-cl-std=CL1.2,2048,0.27162
myGEMM.cl, 1, 4,-cl-std=CL1.2,256,0.00067
myGEMM.cu, 1, 4,-cl-std=CL1.2,512,0.00507
myGEMM.cl, 1, 4,-cl-std=CL1.2,512,0.00497
myGEMM.cu, 1, 4,-cl-std=CL1.2,1024,0.04284
myGEMM.cl, 1, 4,-cl-std=CL1.2,1024,0.03950
myGEMM.cu, 1, 4,-cl-std=CL1.2,2048,0.28695
myGEMM.cl, 1, 4,-cl-std=CL1.2,2048,0.26881
myGEMM.cl, 1, 4,-cl-std=CL1.2,256,0.00048
myGEMM.cu, 1, 4,-cl-std=CL1.2,512,0.00398
myGEMM.cl, 1, 4,-cl-std=CL1.2,512,0.00395
myGEMM.cu, 1, 4,-cl-std=CL1.2,1024,0.03475
myGEMM.cl, 1, 4,-cl-std=CL1.2,1024,0.03476
myGEMM.cu, 1, 4,-cl-std=CL1.2,2048,0.28674
myGEMM.cl, 1, 4,-cl-std=CL1.2,2048,0.95806
myGEMM.cl, 1, 4,-cl-std=CL1.2,256,0.00055
myGEMM.cu, 1, 4,-cl-std=CL1.2,512,0.00443
myGEMM.cl, 1, 4,-cl-std=CL1.2,512,0.00450
myGEMM.cu, 1, 4,-cl-std=CL1.2,1024,0.03896
myGEMM.cl, 1, 4,-cl-std=CL1.2,1024,0.03740
myGEMM.cu, 1, 4,-cl-std=CL1.2,2048,0.26984
myGEMM.cl, 1, 4,-cl-std=CL1.2,2048,0.30177
myGEMM.cl, 1, 4,-cl-std=CL1.2,256,0.00064
myGEMM.cu, 1, 4,-cl-std=CL1.2,512,0.00501
myGEMM.cl, 1, 4,-cl-std=CL1.2,512,0.00495
myGEMM.cu, 1, 4,-cl-std=CL1.2,1024,0.04225
myGEMM.cl, 1, 4,-cl-std=CL1.2,1024,0.04191
myGEMM.cu, 1, 4,-cl-std=CL1.2,2048,0.28339
myGEMM.cl, 1, 4,-cl-std=CL1.2,2048,0.26786
myGEMM.cl, 1, 4,-cl-std=CL1.2,256,0.00047
myGEMM.cu, 1, 4,-cl-std=CL1.2,512,0.00383
myGEMM.cl, 1, 4,-cl-std=CL1.2,512,0.00379
myGEMM.cu, 1, 4,-cl-std=CL1.2,1024,0.03496
myGEMM.cl, 1, 4,-cl-std=CL1.2,1024,0.03536
myGEMM.cu, 1, 4,-cl-std=CL1.2,2048,0.27430
myGEMM.cl, 1, 4,-cl-std=CL1.2,2048,0.27709
myGEMM.cl, 1, 4,-cl-std=CL1.2,256,0.00052
myGEMM.cu, 1, 4,-cl-std=CL1.2,512,0.00424
myGEMM.cl, 1, 4,-cl-std=CL1.2,512,0.00421
myGEMM.cu, 1, 4,-cl-std=CL1.2,1024,0.03684
myGEMM.cl, 1, 4,-cl-std=CL1.2,1024,0.03707
myGEMM.cu, 1, 4,-cl-std=CL1.2,2048,0.27366
myGEMM.cl, 1, 4,-cl-std=CL1.2,2048,0.29156
myGEMM.cl, 1, 4,-cl-std=CL1.2,256,0.00056
myGEMM.cu, 1, 4,-cl-std=CL1.2,512,0.00449
myGEMM.cl, 1, 4,-cl-std=CL1.2,512,0.00440
myGEMM.cu, 1, 4,-cl-std=CL1.2,1024,0.03893
myGEMM.cl, 1, 4,-cl-std=CL1.2,1024,0.03747
myGEMM.cu, 1, 4,-cl-std=CL1.2,2048,0.27494
myGEMM.cl, 1, 4,-cl-std=CL1.2,2048,0.31026
myGEMM.cl, 1, 4,-cl-std=CL1.2,256,0.00062
myGEMM.cu, 1, 4,-cl-std=CL1.2,512,0.00501
myGEMM.cl, 1, 4,-cl-std=CL1.2,512,0.00498
myGEMM.cu, 1, 4,-cl-std=CL1.2,1024,0.03770
myGEMM.cl, 1, 4,-cl-std=CL1.2,1024,0.04339
myGEMM.cu, 1, 4,-cl-std=CL1.2,2048,0.29493
myGEMM.cl, 1, 4,-cl-std=CL1.2,2048,0.26948
myGEMM.cl, 1, 4,-cl-std=CL1.2,256,0.00053
myGEMM.cu, 1, 4,-cl-std=CL1.2,512,0.00427
myGEMM.cl, 1, 4,-cl-std=CL1.2,512,0.00426
myGEMM.cu, 1, 4,-cl-std=CL1.2,1024,0.03796
myGEMM.cl, 1, 4,-cl-std=CL1.2,1024,0.03734
myGEMM.cu, 1, 4,-cl-std=CL1.2,2048,0.27042
myGEMM.cl, 1, 4,-cl-std=CL1.2,2048,0.28846
myGEMM.cl, 1, 4,-cl-std=CL1.2,256,0.00059
myGEMM.cu, 1, 4,-cl-std=CL1.2,512,0.00480
myGEMM.cl, 1, 4,-cl-std=CL1.2,512,0.00481
myGEMM.cu, 1, 4,-cl-std=CL1.2,1024,0.04169
myGEMM.cl, 1, 4,-cl-std=CL1.2,1024,0.03833
myGEMM.cu, 1, 4,-cl-std=CL1.2,2048,0.27609
myGEMM.cl, 1, 4,-cl-std=CL1.2,2048,0.26715
myGEMM.cl, 1, 4,-cl-std=CL1.2,256,0.00065
myGEMM.cu, 1, 4,-cl-std=CL1.2,512,0.00507
myGEMM.cl, 1, 4,-cl-std=CL1.2,512,0.00499
myGEMM.cu, 1, 4,-cl-std=CL1.2,1024,0.04304
myGEMM.cl, 1, 4,-cl-std=CL1.2,1024,0.04260
myGEMM.cu, 1, 4,-cl-std=CL1.2,2048,0.29806
myGEMM.cl, 1, 4,-cl-std=CL1.2,2048,0.27156
myGEMM.cl, 1, 4,-cl-std=CL1.2,256,0.00047
myGEMM.cu, 1, 4,-cl-std=CL1.2,512,0.00378
myGEMM.cl, 1, 4,-cl-std=CL1.2,512,0.00380
myGEMM.cu, 1, 4,-cl-std=CL1.2,1024,0.03545
myGEMM.cl, 1, 4,-cl-std=CL1.2,1024,0.04060
myGEMM.cu, 1, 4,-cl-std=CL1.2,2048,0.30618
myGEMM.cl, 1, 4,-cl-std=CL1.2,2048,0.30012
myGEMM.cl, 1, 4,-cl-std=CL1.2,256,0.00060
myGEMM.cu, 1, 4,-cl-std=CL1.2,512,0.00491
myGEMM.cl, 1, 4,-cl-std=CL1.2,512,0.00489
myGEMM.cu, 1, 4,-cl-std=CL1.2,1024,0.03730
myGEMM.cl, 1, 4,-cl-std=CL1.2,1024,0.04037
myGEMM.cu, 1, 4,-cl-std=CL1.2,2048,0.27855
myGEMM.cl, 1, 4,-cl-std=CL1.2,2048,0.26861
myGEMM.cl, 1, 4,-cl-std=CL1.2,256,0.00062
myGEMM.cu, 1, 4,-cl-std=CL1.2,512,0.00499
myGEMM.cl, 1, 4,-cl-std=CL1.2,512,0.00506
myGEMM.cu, 1, 4,-cl-std=CL1.2,1024,0.04149
myGEMM.cl, 1, 4,-cl-std=CL1.2,1024,0.04126
myGEMM.cu, 1, 4,-cl-std=CL1.2,2048,0.27366
myGEMM.cl, 1, 4,-cl-std=CL1.2,2048,0.27623
myGEMM.cl, 1, 4,-cl-std=CL1.2,256,0.00058
myGEMM.cu, 1, 4,-cl-std=CL1.2,512,0.00468
myGEMM.cl, 1, 4,-cl-std=CL1.2,512,0.00469
myGEMM.cu, 1, 4,-cl-std=CL1.2,1024,0.04084
myGEMM.cl, 1, 4,-cl-std=CL1.2,1024,0.03819
myGEMM.cu, 1, 4,-cl-std=CL1.2,2048,0.28915
myGEMM.cl, 1, 4,-cl-std=CL1.2,2048,0.27023
myGEMM.cl, 1, 4,-cl-std=CL1.2,256,0.00050
myGEMM.cu, 1, 4,-cl-std=CL1.2,512,0.00390
myGEMM.cl, 1, 4,-cl-std=CL1.2,512,0.00390
myGEMM.cu, 1, 4,-cl-std=CL1.2,1024,0.03502
myGEMM.cl, 1, 4,-cl-std=CL1.2,1024,0.03527
myGEMM.cu, 1, 4,-cl-std=CL1.2,2048,0.27706
myGEMM.cl, 1, 4,-cl-std=CL1.2,2048,0.28987
myGEMM.cl, 1, 4,-cl-std=CL1.2,256,0.00053
myGEMM.cu, 1, 4,-cl-std=CL1.2,512,0.00430
myGEMM.cl, 1, 4,-cl-std=CL1.2,512,0.00427
myGEMM.cu, 1, 4,-cl-std=CL1.2,1024,0.03683
myGEMM.cl, 1, 4,-cl-std=CL1.2,1024,0.03701
myGEMM.cu, 1, 4,-cl-std=CL1.2,2048,0.27377
myGEMM.cl, 1, 4,-cl-std=CL1.2,2048,0.96189
myGEMM.cl, 1, 4,-cl-std=CL1.2,256,0.00061
myGEMM.cu, 1, 4,-cl-std=CL1.2,512,0.00503
myGEMM.cl, 1, 4,-cl-std=CL1.2,512,0.00498
myGEMM.cu, 1, 4,-cl-std=CL1.2,1024,0.04279
myGEMM.cl, 1, 4,-cl-std=CL1.2,1024,0.04058
myGEMM.cu, 1, 4,-cl-std=CL1.2,2048,0.27703
myGEMM.cl, 1, 4,-cl-std=CL1.2,2048,0.27140
myGEMM.cl, 1, 4,-cl-std=CL1.2,256,0.00055
myGEMM.cu, 1, 4,-cl-std=CL1.2,512,0.00424
myGEMM.cl, 1, 4,-cl-std=CL1.2,512,0.00423
myGEMM.cu, 1, 4,-cl-std=CL1.2,1024,0.03703
myGEMM.cl, 1, 4,-cl-std=CL1.2,1024,0.03395
myGEMM.cu, 1, 4,-cl-std=CL1.2,2048,0.26904
myGEMM.cl, 1, 4,-cl-std=CL1.2,2048,0.97274
myGEMM.cl, 1, 4,-cl-std=CL1.2,256,0.00061
myGEMM.cu, 1, 4,-cl-std=CL1.2,512,0.00501
myGEMM.cl, 1, 4,-cl-std=CL1.2,512,0.00499
myGEMM.cu, 1, 4,-cl-std=CL1.2,1024,0.03925
myGEMM.cl, 1, 4,-cl-std=CL1.2,1024,0.03792
myGEMM.cu, 1, 4,-cl-std=CL1.2,2048,0.30123
myGEMM.cl, 1, 4,-cl-std=CL1.2,2048,0.27466
myGEMM.cl, 1, 4,-cl-std=CL1.2,256,0.00048
myGEMM.cu, 1, 4,-cl-std=CL1.2,512,0.00392
myGEMM.cl, 1, 4,-cl-std=CL1.2,512,0.00393
myGEMM.cu, 1, 4,-cl-std=CL1.2,1024,0.03480
myGEMM.cl, 1, 4,-cl-std=CL1.2,1024,0.03628
myGEMM.cu, 1, 4,-cl-std=CL1.2,2048,0.28330
myGEMM.cl, 1, 4,-cl-std=CL1.2,2048,0.29070
myGEMM.cl, 1, 4,-cl-std=CL1.2,256,0.00063
myGEMM.cu, 1, 4,-cl-std=CL1.2,512,0.00473
myGEMM.cl, 1, 4,-cl-std=CL1.2,512,0.00470
myGEMM.cu, 1, 4,-cl-std=CL1.2,1024,0.04070
myGEMM.cl, 1, 4,-cl-std=CL1.2,1024,0.04125
myGEMM.cu, 1, 4,-cl-std=CL1.2,2048,0.28782
myGEMM.cl, 1, 4,-cl-std=CL1.2,2048,0.27468
myGEMM.cl, 1, 4,-cl-std=CL1.2,256,0.00063
myGEMM.cu, 1, 4,-cl-std=CL1.2,512,0.00500
myGEMM.cl, 1, 4,-cl-std=CL1.2,512,0.00500
myGEMM.cu, 1, 4,-cl-std=CL1.2,1024,0.04291
myGEMM.cl, 1, 4,-cl-std=CL1.2,1024,0.03773
myGEMM.cu, 1, 4,-cl-std=CL1.2,2048,0.28176
myGEMM.cl, 1, 4,-cl-std=CL1.2,2048,0.28349
myGEMM.cl, 1, 4,-cl-std=CL1.2,256,0.00051
myGEMM.cu, 1, 4,-cl-std=CL1.2,512,0.00416
myGEMM.cl, 1, 4,-cl-std=CL1.2,512,0.00417
myGEMM.cu, 1, 4,-cl-std=CL1.2,1024,0.03486
myGEMM.cl, 1, 4,-cl-std=CL1.2,1024,0.03650
myGEMM.cu, 1, 4,-cl-std=CL1.2,2048,0.28882
myGEMM.cl, 1, 4,-cl-std=CL1.2,2048,0.29030
myGEMM.cl, 1, 4,-cl-std=CL1.2,256,0.00056
myGEMM.cu, 1, 4,-cl-std=CL1.2,512,0.00446
myGEMM.cl, 1, 4,-cl-std=CL1.2,512,0.00443
myGEMM.cu, 1, 4,-cl-std=CL1.2,1024,0.03623
myGEMM.cl, 1, 4,-cl-std=CL1.2,1024,0.03826
myGEMM.cu, 1, 4,-cl-std=CL1.2,2048,0.28070
myGEMM.cl, 1, 4,-cl-std=CL1.2,2048,0.27091
myGEMM.cl, 1, 4,-cl-std=CL1.2,256,0.00050
myGEMM.cu, 1, 4,-cl-std=CL1.2,512,0.00399
myGEMM.cl, 1, 4,-cl-std=CL1.2,512,0.00410
myGEMM.cu, 1, 4,-cl-std=CL1.2,1024,0.04407
myGEMM.cl, 1, 4,-cl-std=CL1.2,1024,0.04486
myGEMM.cu, 1, 4,-cl-std=CL1.2,2048,0.33426
myGEMM.cl, 1, 4,-cl-std=CL1.2,2048,0.32439
myGEMM.cl, 1, 4,-cl-std=CL1.2,256,0.00063
myGEMM.cu, 1, 4,-cl-std=CL1.2,512,0.00502
myGEMM.cl, 1, 4,-cl-std=CL1.2,512,0.00493
myGEMM.cu, 1, 4,-cl-std=CL1.2,1024,0.03803
myGEMM.cl, 1, 4,-cl-std=CL1.2,1024,0.04232
myGEMM.cu, 1, 4,-cl-std=CL1.2,2048,0.28412
myGEMM.cl, 1, 4,-cl-std=CL1.2,2048,0.28840
myGEMM.cl, 1, 4,-cl-std=CL1.2,256,0.00062
myGEMM.cu, 1, 4,-cl-std=CL1.2,512,0.00499
myGEMM.cl, 1, 4,-cl-std=CL1.2,512,0.00505
myGEMM.cu, 1, 4,-cl-std=CL1.2,1024,0.04240
myGEMM.cl, 1, 4,-cl-std=CL1.2,1024,0.04252
myGEMM.cu, 1, 4,-cl-std=CL1.2,2048,0.28073
myGEMM.cl, 1, 4,-cl-std=CL1.2,2048,0.26849
myGEMM.cl, 1, 4,-cl-std=CL1.2,256,0.00062
myGEMM.cu, 1, 4,-cl-std=CL1.2,512,0.00508
myGEMM.cl, 1, 4,-cl-std=CL1.2,512,0.00496
myGEMM.cu, 1, 4,-cl-std=CL1.2,1024,0.04295
myGEMM.cl, 1, 4,-cl-std=CL1.2,1024,0.04090
myGEMM.cu, 1, 4,-cl-std=CL1.2,2048,0.30332
myGEMM.cl, 1, 4,-cl-std=CL1.2,2048,0.27326
myGEMM.cl, 1, 4,-cl-std=CL1.2,256,0.00062
myGEMM.cu, 1, 4,-cl-std=CL1.2,512,0.00507
myGEMM.cl, 1, 4,-cl-std=CL1.2,512,0.00499
myGEMM.cu, 1, 4,-cl-std=CL1.2,1024,0.04346
myGEMM.cl, 1, 4,-cl-std=CL1.2,1024,0.04270
myGEMM.cu, 1, 4,-cl-std=CL1.2,2048,0.29742
myGEMM.cl, 1, 4,-cl-std=CL1.2,2048,0.31060
myGEMM.cl, 1, 4,-cl-std=CL1.2,256,0.00061
myGEMM.cu, 1, 4,-cl-std=CL1.2,512,0.00493
myGEMM.cl, 1, 4,-cl-std=CL1.2,512,0.00497
myGEMM.cu, 1, 4,-cl-std=CL1.2,1024,0.04314
myGEMM.cl, 1, 4,-cl-std=CL1.2,1024,0.03806
myGEMM.cu, 1, 4,-cl-std=CL1.2,2048,0.35980
myGEMM.cl, 1, 4,-cl-std=CL1.2,2048,0.35828
myGEMM.cl, 1, 4,-cl-std=CL1.2,256,0.00062
myGEMM.cu, 1, 4,-cl-std=CL1.2,512,0.00502
myGEMM.cl, 1, 4,-cl-std=CL1.2,512,0.00500
myGEMM.cu, 1, 4,-cl-std=CL1.2,1024,0.03735
myGEMM.cl, 1, 4,-cl-std=CL1.2,1024,0.04216
myGEMM.cu, 1, 4,-cl-std=CL1.2,2048,0.29636
myGEMM.cl, 1, 4,-cl-std=CL1.2,2048,0.28808
myGEMM.cl, 1, 4,-cl-std=CL1.2,256,0.00064
myGEMM.cu, 1, 4,-cl-std=CL1.2,512,0.00505
myGEMM.cl, 1, 4,-cl-std=CL1.2,512,0.00495
myGEMM.cu, 1, 4,-cl-std=CL1.2,1024,0.04229
myGEMM.cl, 1, 4,-cl-std=CL1.2,1024,0.04270
myGEMM.cu, 1, 4,-cl-std=CL1.2,2048,0.27911
myGEMM.cl, 1, 4,-cl-std=CL1.2,2048,0.27688
myGEMM.cl, 1, 4,-cl-std=CL1.2,256,0.00054
myGEMM.cu, 1, 4,-cl-std=CL1.2,512,0.00425
myGEMM.cl, 1, 4,-cl-std=CL1.2,512,0.00430
myGEMM.cu, 1, 4,-cl-std=CL1.2,1024,0.03664
myGEMM.cl, 1, 4,-cl-std=CL1.2,1024,0.03657
myGEMM.cu, 1, 4,-cl-std=CL1.2,2048,0.29377
myGEMM.cl, 1, 4,-cl-std=CL1.2,2048,0.29425
myGEMM.cl, 1, 4,-cl-std=CL1.2,256,0.00056
myGEMM.cu, 1, 4,-cl-std=CL1.2,512,0.00447
myGEMM.cl, 1, 4,-cl-std=CL1.2,512,0.00443
myGEMM.cu, 1, 4,-cl-std=CL1.2,1024,0.03876
myGEMM.cl, 1, 4,-cl-std=CL1.2,1024,0.04204
myGEMM.cu, 1, 4,-cl-std=CL1.2,2048,0.31910
myGEMM.cl, 1, 4,-cl-std=CL1.2,2048,0.31192
myGEMM.cl, 1, 4,-cl-std=CL1.2,256,0.00056
myGEMM.cu, 1, 4,-cl-std=CL1.2,512,0.00450
myGEMM.cl, 1, 4,-cl-std=CL1.2,512,0.00444
myGEMM.cu, 1, 4,-cl-std=CL1.2,1024,0.03898
myGEMM.cl, 1, 4,-cl-std=CL1.2,1024,0.03526
myGEMM.cu, 1, 4,-cl-std=CL1.2,2048,0.29716
myGEMM.cl, 1, 4,-cl-std=CL1.2,2048,0.29834
myGEMM.cl, 1, 4,-cl-std=CL1.2,256,0.00059
myGEMM.cu, 1, 4,-cl-std=CL1.2,512,0.00484
myGEMM.cl, 1, 4,-cl-std=CL1.2,512,0.00479
myGEMM.cu, 1, 4,-cl-std=CL1.2,1024,0.04135
myGEMM.cl, 1, 4,-cl-std=CL1.2,1024,0.03729
myGEMM.cu, 1, 4,-cl-std=CL1.2,2048,0.27295
myGEMM.cl, 1, 4,-cl-std=CL1.2,2048,0.28021
myGEMM.cl, 1, 4,-cl-std=CL1.2,256,0.00061
myGEMM.cu, 1, 4,-cl-std=CL1.2,512,0.00498
myGEMM.cl, 1, 4,-cl-std=CL1.2,512,0.00503
myGEMM.cu, 1, 4,-cl-std=CL1.2,1024,0.03847
myGEMM.cl, 1, 4,-cl-std=CL1.2,1024,0.04323
myGEMM.cu, 1, 4,-cl-std=CL1.2,2048,0.30757
myGEMM.cl, 1, 4,-cl-std=CL1.2,2048,0.28070
myGEMM.cl, 1, 4,-cl-std=CL1.2,256,0.00062
myGEMM.cu, 1, 4,-cl-std=CL1.2,512,0.00504
myGEMM.cl, 1, 4,-cl-std=CL1.2,512,0.00500
myGEMM.cu, 1, 4,-cl-std=CL1.2,1024,0.03838
myGEMM.cl, 1, 4,-cl-std=CL1.2,1024,0.04341
myGEMM.cu, 1, 4,-cl-std=CL1.2,2048,0.27841
myGEMM.cl, 1, 4,-cl-std=CL1.2,2048,1.22697
myGEMM.cl, 1, 4,-cl-std=CL1.2,256,0.00062
myGEMM.cu, 1, 4,-cl-std=CL1.2,512,0.00499
myGEMM.cl, 1, 4,-cl-std=CL1.2,512,0.00501
myGEMM.cu, 1, 4,-cl-std=CL1.2,1024,0.04248
myGEMM.cl, 1, 4,-cl-std=CL1.2,1024,0.04321
myGEMM.cu, 1, 4,-cl-std=CL1.2,2048,0.29856
myGEMM.cl, 1, 4,-cl-std=CL1.2,2048,0.27142
myGEMM.cl, 1, 4,-cl-std=CL1.2,256,0.00061
myGEMM.cu, 1, 4,-cl-std=CL1.2,512,0.00503
myGEMM.cl, 1, 4,-cl-std=CL1.2,512,0.00497
myGEMM.cu, 1, 4,-cl-std=CL1.2,1024,0.03739
myGEMM.cl, 1, 4,-cl-std=CL1.2,1024,0.04209
myGEMM.cu, 1, 4,-cl-std=CL1.2,2048,0.29512
myGEMM.cl, 1, 4,-cl-std=CL1.2,2048,0.26827
myGEMM.cl, 1, 4,-cl-std=CL1.2,256,0.00063
myGEMM.cu, 1, 4,-cl-std=CL1.2,512,0.00505
myGEMM.cl, 1, 4,-cl-std=CL1.2,512,0.00500
myGEMM.cu, 1, 4,-cl-std=CL1.2,1024,0.04275
myGEMM.cl, 1, 4,-cl-std=CL1.2,1024,0.04127
myGEMM.cu, 1, 4,-cl-std=CL1.2,2048,0.28021
myGEMM.cl, 1, 4,-cl-std=CL1.2,2048,0.28808
myGEMM.cl, 1, 4,-cl-std=CL1.2,256,0.00065
myGEMM.cu, 1, 4,-cl-std=CL1.2,512,0.00506
myGEMM.cl, 1, 4,-cl-std=CL1.2,512,0.00498
myGEMM.cu, 1, 4,-cl-std=CL1.2,1024,0.03994
myGEMM.cl, 1, 4,-cl-std=CL1.2,1024,0.04282
myGEMM.cu, 1, 4,-cl-std=CL1.2,2048,0.28615
myGEMM.cl, 1, 4,-cl-std=CL1.2,2048,0.28419
myGEMM.cl, 1, 4,-cl-std=CL1.2,256,0.00052
myGEMM.cu, 1, 4,-cl-std=CL1.2,512,0.00426
myGEMM.cl, 1, 4,-cl-std=CL1.2,512,0.00433
myGEMM.cu, 1, 4,-cl-std=CL1.2,1024,0.03744
myGEMM.cl, 1, 4,-cl-std=CL1.2,1024,0.03471
myGEMM.cu, 1, 4,-cl-std=CL1.2,2048,0.28048
myGEMM.cl, 1, 4,-cl-std=CL1.2,2048,0.31015
